46,https://oficinajudicialvirtual.pjud.cl/ADIR_871/apelaciones/documentos/docCausaApelaciones.php?valorDoc=eyJ0eXAiOiJKV1QiLCJhbGciOiJIUzI1NiJ9.eyJpc3MiOiJodHRwczpcL1wvb2ZpY2luYWp1ZGljaWFsdmlydHVhbC5wanVkLmNsIiwiYXVkIjoiaHR0cHM6XC9cL29maWNpbmFqdWRpY2lhbHZpcnR1YWwucGp1ZC5jbCIsImlhdCI6MTY1MDk3MTUxMywiZXhwIjoxNjUwOTc1MTEzLCJkYXRhIjp7ImNycl9kb2MiOiIzNDc2MzQ2MSIsImNvZF9jb3J0ZSI6IjI1IiwiY3JySWREb2NFc2MiOiIzODY1NzIwOCIsImNvZF90aXBhcmNoaXZvIjoiMyIsInRyYW1pdGUiOjB9fQ.vGzGYcDqc2zZwN6qVOZwIT5GoIgc4kww3tP0vUtfkXs,Resolución,Téngase Presente,17/11/2021,Presidencia,Bloqueado
45,https://oficinajudicialvirtual.pjud.cl/ADIR_871/apelaciones/documentos/docCausaApelaciones.php?valorDoc=eyJ0eXAiOiJKV1QiLCJhbGciOiJIUzI1NiJ9.eyJpc3MiOiJodHRwczpcL1wvb2ZpY2luYWp1ZGljaWFsdmlydHVhbC5wanVkLmNsIiwiYXVkIjoiaHR0cHM6XC9cL29maWNpbmFqdWRpY2lhbHZpcnR1YWwucGp1ZC5jbCIsImlhdCI6MTY1MDk3MTUxMywiZXhwIjoxNjUwOTc1MTEzLCJkYXRhIjp7ImNycl9kb2MiOiIxMTM1NTU4NCIsImNvZF9jb3J0ZSI6IjI1IiwiY3JySWREb2NFc2MiOiIxNTIyNTc3NSIsImNvZF90aXBhcmNoaXZvIjoiMyIsInRyYW1pdGUiOjF9fQ.Py29wIEQLzyoLU6CoDSCG0ssSzkUKIazRJf50hALkxM,Escrito,Tengase presente,12/11/2021,...,Resuelto
44,https://oficinajudicialvirtual.pjud.cl/ADIR_871/apelaciones/documentos/docCausaApelaciones.php?valorDoc=eyJ0eXAiOiJKV1QiLCJhbGciOiJIUzI1NiJ9.eyJpc3MiOiJodHRwczpcL1wvb2ZpY2luYWp1ZGljaWFsdmlydHVhbC5wanVkLmNsIiwiYXVkIjoiaHR0cHM6XC9cL29maWNpbmFqdWRpY2lhbHZpcnR1YWwucGp1ZC5jbCIsImlhdCI6MTY1MDk3MTUxMywiZXhwIjoxNjUwOTc1MTEzLCJkYXRhIjp7ImNycl9kb2MiOiIzNDUwNzY3OSIsImNvZF9jb3J0ZSI6IjI1IiwiY3JySWREb2NFc2MiOiIzODM2NTU1OCIsImNvZF90aXBhcmNoaXZvIjoiMyIsInRyYW1pdGUiOjB9fQ.F2cvYK7we_kwV-t4rRCCnTGbFKEnkynUBQNY2ZqZvAs,Resolución,Revalidacion vale vista,20/10/2021,Primera Sala,Bloqueado
43,https://oficinajudicialvirtual.pjud.cl/ADIR_871/apelaciones/documentos/docCausaApelaciones.php?valorDoc=eyJ0eXAiOiJKV1QiLCJhbGciOiJIUzI1NiJ9.eyJpc3MiOiJodHRwczpcL1wvb2ZpY2luYWp1ZGljaWFsdmlydHVhbC5wanVkLmNsIiwiYXVkIjoiaHR0cHM6XC9cL29maWNpbmFqdWRpY2lhbHZpcnR1YWwucGp1ZC5jbCIsImlhdCI6MTY1MDk3MTUxMywiZXhwIjoxNjUwOTc1MTEzLCJkYXRhIjp7ImNycl9kb2MiOiIxMTI0MTU2MyIsImNvZF9jb3J0ZSI6IjI1IiwiY3JySWREb2NFc2MiOiIxNTExMjY1OCIsImNvZF90aXBhcmNoaXZvIjoiMyIsInRyYW1pdGUiOjF9fQ.gqsjuf2CyOQoX7x4zUh1s6ghWyzlWPOhmJ28RsI-7n0,Escrito,Peticion que indica,18/10/2021,...,Resuelto
42,https://oficinajudicialvirtual.pjud.cl/ADIR_871/apelaciones/documentos/docCausaApelaciones.php?valorDoc=eyJ0eXAiOiJKV1QiLCJhbGciOiJIUzI1NiJ9.eyJpc3MiOiJodHRwczpcL1wvb2ZpY2luYWp1ZGljaWFsdmlydHVhbC5wanVkLmNsIiwiYXVkIjoiaHR0cHM6XC9cL29maWNpbmFqdWRpY2lhbHZpcnR1YWwucGp1ZC5jbCIsImlhdCI6MTY1MDk3MTUxMywiZXhwIjoxNjUwOTc1MTEzLCJkYXRhIjp7ImNycl9kb2MiOiIzMzM4MjI1MCIsImNvZF9jb3J0ZSI6IjI1IiwiY3JySWREb2NFc2MiOiIzNzA5NzYwMSIsImNvZF90aXBhcmNoaXZvIjoiMyIsInRyYW1pdGUiOjB9fQ.oK5ChJ_sgqYHLdpKOgqGVL-xcgUz1q9TOl5lbYhWbGc,Resolución,Acompaña Documentos,29/06/2021,Presidencia,Bloqueado
41,https://oficinajudicialvirtual.pjud.cl/ADIR_871/apelaciones/documentos/docCausaApelaciones.php?valorDoc=eyJ0eXAiOiJKV1QiLCJhbGciOiJIUzI1NiJ9.eyJpc3MiOiJodHRwczpcL1wvb2ZpY2luYWp1ZGljaWFsdmlydHVhbC5wanVkLmNsIiwiYXVkIjoiaHR0cHM6XC9cL29maWNpbmFqdWRpY2lhbHZpcnR1YWwucGp1ZC5jbCIsImlhdCI6MTY1MDk3MTUxMywiZXhwIjoxNjUwOTc1MTEzLCJkYXRhIjp7ImNycl9kb2MiOiIxMDc5MDUzMSIsImNvZF9jb3J0ZSI6IjI1IiwiY3JySWREb2NFc2MiOiIxNDY2NjQ2MCIsImNvZF90aXBhcmNoaXZvIjoiMyIsInRyYW1pdGUiOjF9fQ.nsX-kijqmmqZy3WSzNHSIu5wojwkXMGD327C18oYbsY,Escrito,Acompaña documentos,24/06/2021,...,Resuelto
40,https://oficinajudicialvirtual.pjud.cl/ADIR_871/apelaciones/documentos/docCausaApelaciones.php?valorDoc=eyJ0eXAiOiJKV1QiLCJhbGciOiJIUzI1NiJ9.eyJpc3MiOiJodHRwczpcL1wvb2ZpY2luYWp1ZGljaWFsdmlydHVhbC5wanVkLmNsIiwiYXVkIjoiaHR0cHM6XC9cL29maWNpbmFqdWRpY2lhbHZpcnR1YWwucGp1ZC5jbCIsImlhdCI6MTY1MDk3MTUxMywiZXhwIjoxNjUwOTc1MTEzLCJkYXRhIjp7ImNycl9kb2MiOiIzMzM2MDE0MyIsImNvZF9jb3J0ZSI6IjI1IiwiY3JySWREb2NFc2MiOiIzNzA3NDYxMSIsImNvZF90aXBhcmNoaXZvIjoiMyIsInRyYW1pdGUiOjB9fQ.YcZjJFR1v8aXGGcQ-jSjtQV2kbHfwoQg73_lYbdjpuI,Resolución,Tgse.Pte.pago costas,24/06/2021,Presidencia,Bloqueado
39,https://oficinajudicialvirtual.pjud.cl/ADIR_871/apelaciones/documentos/docCausaApelaciones.php?valorDoc=eyJ0eXAiOiJKV1QiLCJhbGciOiJIUzI1NiJ9.eyJpc3MiOiJodHRwczpcL1wvb2ZpY2luYWp1ZGljaWFsdmlydHVhbC5wanVkLmNsIiwiYXVkIjoiaHR0cHM6XC9cL29maWNpbmFqdWRpY2lhbHZpcnR1YWwucGp1ZC5jbCIsImlhdCI6MTY1MDk3MTUxMywiZXhwIjoxNjUwOTc1MTEzLCJkYXRhIjp7ImNycl9kb2MiOiIxMDc3NjkwMiIsImNvZF9jb3J0ZSI6IjI1IiwiY3JySWREb2NFc2MiOiIxNDY1Mjg4MSIsImNvZF90aXBhcmNoaXZvIjoiMyIsInRyYW1pdGUiOjF9fQ.7I4RG58oUR_cDaZiCbiPMXka4C97Ip6un2atJtDJ-Go,Escrito,En cumplimiento de lo ordenado,22/06/2021,...,Resuelto
38,https://oficinajudicialvirtual.pjud.cl/ADIR_871/apelaciones/documentos/docCausaApelaciones.php?valorDoc=eyJ0eXAiOiJKV1QiLCJhbGciOiJIUzI1NiJ9.eyJpc3MiOiJodHRwczpcL1wvb2ZpY2luYWp1ZGljaWFsdmlydHVhbC5wanVkLmNsIiwiYXVkIjoiaHR0cHM6XC9cL29maWNpbmFqdWRpY2lhbHZpcnR1YWwucGp1ZC5jbCIsImlhdCI6MTY1MDk3MTUxMywiZXhwIjoxNjUwOTc1MTEzLCJkYXRhIjp7ImNycl9kb2MiOiIxMDczMjc5NyIsImNvZF9jb3J0ZSI6IjI1IiwiY3JySWREb2NFc2MiOiIxNDYwOTEyOCIsImNvZF90aXBhcmNoaXZvIjoiMyIsInRyYW1pdGUiOjF9fQ.qHiDCPmQg2QCG4M-XXJIqkFb8nWoN1BQMC3WMAGHHxc,Escrito,Tengase presente,14/06/2021,...,Resuelto
37,https://oficinajudicialvirtual.pjud.cl/ADIR_871/apelaciones/documentos/docCausaApelaciones.php?valorDoc=eyJ0eXAiOiJKV1QiLCJhbGciOiJIUzI1NiJ9.eyJpc3MiOiJodHRwczpcL1wvb2ZpY2luYWp1ZGljaWFsdmlydHVhbC5wanVkLmNsIiwiYXVkIjoiaHR0cHM6XC9cL29maWNpbmFqdWRpY2lhbHZpcnR1YWwucGp1ZC5jbCIsImlhdCI6MTY1MDk3MTUxMywiZXhwIjoxNjUwOTc1MTEzLCJkYXRhIjp7ImNycl9kb2MiOiIzMzE0NDQ0MiIsImNvZF9jb3J0ZSI6IjI1IiwiY3JySWREb2NFc2MiOiIzNjgzNzcyOCIsImNvZF90aXBhcmNoaXZvIjoiMyIsInRyYW1pdGUiOjB9fQ.MqbDfVfb_MvXJy0m1SVcyhhj5dERjYPdPKE-GHBTe-4,Actuación,COMUNICA APER. INF. Y OTROS,04/06/2021,Primera Sala,Bloqueado
36,https://oficinajudicialvirtual.pjud.cl/ADIR_871/apelaciones/documentos/docCausaApelaciones.php?valorDoc=eyJ0eXAiOiJKV1QiLCJhbGciOiJIUzI1NiJ9.eyJpc3MiOiJodHRwczpcL1wvb2ZpY2luYWp1ZGljaWFsdmlydHVhbC5wanVkLmNsIiwiYXVkIjoiaHR0cHM6XC9cL29maWNpbmFqdWRpY2lhbHZpcnR1YWwucGp1ZC5jbCIsImlhdCI6MTY1MDk3MTUxMywiZXhwIjoxNjUwOTc1MTEzLCJkYXRhIjp7ImNycl9kb2MiOiIzMzExOTkwNiIsImNvZF9jb3J0ZSI6IjI1IiwiY3JySWREb2NFc2MiOiIzNjgwOTQ2MSIsImNvZF90aXBhcmNoaXZvIjoiMyIsInRyYW1pdGUiOjB9fQ.qH-BmI58RiJIhTW7lyAwpyqXd3YJCblA3D-NtAi6Drc,Resolución,Pide cuenta revalidación,04/06/2021,Primera Sala,Bloqueado
35,https://oficinajudicialvirtual.pjud.cl/ADIR_871/apelaciones/documentos/docCausaApelaciones.php?valorDoc=eyJ0eXAiOiJKV1QiLCJhbGciOiJIUzI1NiJ9.eyJpc3MiOiJodHRwczpcL1wvb2ZpY2luYWp1ZGljaWFsdmlydHVhbC5wanVkLmNsIiwiYXVkIjoiaHR0cHM6XC9cL29maWNpbmFqdWRpY2lhbHZpcnR1YWwucGp1ZC5jbCIsImlhdCI6MTY1MDk3MTUxMywiZXhwIjoxNjUwOTc1MTEzLCJkYXRhIjp7ImNycl9kb2MiOiIxMDY1MDM5MCIsImNvZF9jb3J0ZSI6IjI1IiwiY3JySWREb2NFc2MiOiIxNDUyNzIxOCIsImNvZF90aXBhcmNoaXZvIjoiMyIsInRyYW1pdGUiOjF9fQ.GyArcBaWQb--xUUd-Kk6kFut0KZBwCswwr20zwTEoT8,Escrito,Peticion que indica,31/05/2021,...,Resuelto
34,https://oficinajudicialvirtual.pjud.cl/ADIR_871/apelaciones/documentos/docCausaApelaciones.php?valorDoc=eyJ0eXAiOiJKV1QiLCJhbGciOiJIUzI1NiJ9.eyJpc3MiOiJodHRwczpcL1wvb2ZpY2luYWp1ZGljaWFsdmlydHVhbC5wanVkLmNsIiwiYXVkIjoiaHR0cHM6XC9cL29maWNpbmFqdWRpY2lhbHZpcnR1YWwucGp1ZC5jbCIsImlhdCI6MTY1MDk3MTUxMywiZXhwIjoxNjUwOTc1MTEzLCJkYXRhIjp7ImNycl9kb2MiOiIzMjA4MDYwNCIsImNvZF9jb3J0ZSI6IjI1IiwiY3JySWREb2NFc2MiOiIzNTY4NDE4OCIsImNvZF90aXBhcmNoaXZvIjoiMyIsInRyYW1pdGUiOjB9fQ.YRkOlROkLhVLdEwxeWK7YULegt8kabuo9sPCGiVlFQM,Actuación,COMUNICA APER. INF. Y OTROS,10/03/2021,Primera Sala,Bloqueado
33,https://oficinajudicialvirtual.pjud.cl/ADIR_871/apelaciones/documentos/docCausaApelaciones.php?valorDoc=eyJ0eXAiOiJKV1QiLCJhbGciOiJIUzI1NiJ9.eyJpc3MiOiJodHRwczpcL1wvb2ZpY2luYWp1ZGljaWFsdmlydHVhbC5wanVkLmNsIiwiYXVkIjoiaHR0cHM6XC9cL29maWNpbmFqdWRpY2lhbHZpcnR1YWwucGp1ZC5jbCIsImlhdCI6MTY1MDk3MTUxMywiZXhwIjoxNjUwOTc1MTEzLCJkYXRhIjp7ImNycl9kb2MiOiIzMjA1NjAyMyIsImNvZF9jb3J0ZSI6IjI1IiwiY3JySWREb2NFc2MiOiIzNTY1OTA5NSIsImNvZF90aXBhcmNoaXZvIjoiMyIsInRyYW1pdGUiOjB9fQ.qt7E8uA1r4a65yRPVjLz-dGweYgFL4Q04TtaqVmeP20,Resolución,Pide Informe,10/03/2021,Primera Sala,Bloqueado
32,https://oficinajudicialvirtual.pjud.cl/ADIR_871/apelaciones/documentos/docCausaApelaciones.php?valorDoc=eyJ0eXAiOiJKV1QiLCJhbGciOiJIUzI1NiJ9.eyJpc3MiOiJodHRwczpcL1wvb2ZpY2luYWp1ZGljaWFsdmlydHVhbC5wanVkLmNsIiwiYXVkIjoiaHR0cHM6XC9cL29maWNpbmFqdWRpY2lhbHZpcnR1YWwucGp1ZC5jbCIsImlhdCI6MTY1MDk3MTUxMywiZXhwIjoxNjUwOTc1MTEzLCJkYXRhIjp7ImNycl9kb2MiOiIxMDI0NTUwMyIsImNvZF9jb3J0ZSI6IjI1IiwiY3JySWREb2NFc2MiOiIxNDEyNTg0OSIsImNvZF90aXBhcmNoaXZvIjoiMyIsInRyYW1pdGUiOjF9fQ.DfWvHty9bekZnMaXarBXAodqzAkOBA2AkgGWgtDMMdo,Escrito,Peticion que indica,08/03/2021,...,Resuelto
31,https://oficinajudicialvirtual.pjud.cl/ADIR_871/apelaciones/documentos/docCausaApelaciones.php?valorDoc=eyJ0eXAiOiJKV1QiLCJhbGciOiJIUzI1NiJ9.eyJpc3MiOiJodHRwczpcL1wvb2ZpY2luYWp1ZGljaWFsdmlydHVhbC5wanVkLmNsIiwiYXVkIjoiaHR0cHM6XC9cL29maWNpbmFqdWRpY2lhbHZpcnR1YWwucGp1ZC5jbCIsImlhdCI6MTY1MDk3MTUxMywiZXhwIjoxNjUwOTc1MTEzLCJkYXRhIjp7ImNycl9kb2MiOiIyODQyOTI5NiIsImNvZF9jb3J0ZSI6IjI1IiwiY3JySWREb2NFc2MiOiIzMTgxMTQ0OCIsImNvZF90aXBhcmNoaXZvIjoiMyIsInRyYW1pdGUiOjB9fQ.cBBvto2phd9zkzwBSU80qvqrhAFLXKRkljLgC_uN5Jw,Resolución,Tgse. pte. /Da cta pago.,26/06/2020,Presidencia,Bloqueado
30,https://oficinajudicialvirtual.pjud.cl/ADIR_871/apelaciones/documentos/docCausaApelaciones.php?valorDoc=eyJ0eXAiOiJKV1QiLCJhbGciOiJIUzI1NiJ9.eyJpc3MiOiJodHRwczpcL1wvb2ZpY2luYWp1ZGljaWFsdmlydHVhbC5wanVkLmNsIiwiYXVkIjoiaHR0cHM6XC9cL29maWNpbmFqdWRpY2lhbHZpcnR1YWwucGp1ZC5jbCIsImlhdCI6MTY1MDk3MTUxMywiZXhwIjoxNjUwOTc1MTEzLCJkYXRhIjp7ImNycl9kb2MiOiI4OTQ1NzA2IiwiY29kX2NvcnRlIjoiMjUiLCJjcnJJZERvY0VzYyI6IjEyODMxMzQ3IiwiY29kX3RpcGFyY2hpdm8iOiIzIiwidHJhbWl0ZSI6MX19.8ILNzFmllscllazRVlR3iXt6_S2MvL-l1YYvs1XYo_o,Escrito,En cumplimiento de lo ordenado,24/06/2020,...,Resuelto
29,https://oficinajudicialvirtual.pjud.cl/ADIR_871/apelaciones/documentos/docCausaApelaciones.php?valorDoc=eyJ0eXAiOiJKV1QiLCJhbGciOiJIUzI1NiJ9.eyJpc3MiOiJodHRwczpcL1wvb2ZpY2luYWp1ZGljaWFsdmlydHVhbC5wanVkLmNsIiwiYXVkIjoiaHR0cHM6XC9cL29maWNpbmFqdWRpY2lhbHZpcnR1YWwucGp1ZC5jbCIsImlhdCI6MTY1MDk3MTUxMywiZXhwIjoxNjUwOTc1MTEzLCJkYXRhIjp7ImNycl9kb2MiOiIyODI2OTk1MSIsImNvZF9jb3J0ZSI6IjI1IiwiY3JySWREb2NFc2MiOiIzMTY0NzA2MiIsImNvZF90aXBhcmNoaXZvIjoiMyIsInRyYW1pdGUiOjB9fQ.nLRdxC4bRuC_DEUs_xX9BlWlVRt4X1sdoPq6gHmEu7E,Resolución,Téngase Presente/cta. de pago,17/06/2020,Presidencia,Bloqueado
28,https://oficinajudicialvirtual.pjud.cl/ADIR_871/apelaciones/documentos/docCausaApelaciones.php?valorDoc=eyJ0eXAiOiJKV1QiLCJhbGciOiJIUzI1NiJ9.eyJpc3MiOiJodHRwczpcL1wvb2ZpY2luYWp1ZGljaWFsdmlydHVhbC5wanVkLmNsIiwiYXVkIjoiaHR0cHM6XC9cL29maWNpbmFqdWRpY2lhbHZpcnR1YWwucGp1ZC5jbCIsImlhdCI6MTY1MDk3MTUxMywiZXhwIjoxNjUwOTc1MTEzLCJkYXRhIjp7ImNycl9kb2MiOiI4ODk1MzU4IiwiY29kX2NvcnRlIjoiMjUiLCJjcnJJZERvY0VzYyI6IjEyNzgxMjk4IiwiY29kX3RpcGFyY2hpdm8iOiIzIiwidHJhbWl0ZSI6MX19.qq8izdGILHyH6pkbYel6_LV3guqp-P6d7G7pDjk9Pnw,Escrito,En cumplimiento de lo ordenado,15/06/2020,...,Resuelto
27,https://oficinajudicialvirtual.pjud.cl/ADIR_871/apelaciones/documentos/docCausaApelaciones.php?valorDoc=eyJ0eXAiOiJKV1QiLCJhbGciOiJIUzI1NiJ9.eyJpc3MiOiJodHRwczpcL1wvb2ZpY2luYWp1ZGljaWFsdmlydHVhbC5wanVkLmNsIiwiYXVkIjoiaHR0cHM6XC9cL29maWNpbmFqdWRpY2lhbHZpcnR1YWwucGp1ZC5jbCIsImlhdCI6MTY1MDk3MTUxMywiZXhwIjoxNjUwOTc1MTEzLCJkYXRhIjp7ImNycl9kb2MiOiIyODE5NDU4OSIsImNvZF9jb3J0ZSI6IjI1IiwiY3JySWREb2NFc2MiOiIzMTU2NDI1OSIsImNvZF90aXBhcmNoaXZvIjoiMyIsInRyYW1pdGUiOjB9fQ.14xHZ_t4k2UYAWdb9TEXX-Ir2h3q3uFjUg-DXKpt810,Actuación,COMUNICA APER. INF. Y OTROS,11/06/2020,Primera Sala,Bloqueado
26,https://oficinajudicialvirtual.pjud.cl/ADIR_871/apelaciones/documentos/docCausaApelaciones.php?valorDoc=eyJ0eXAiOiJKV1QiLCJhbGciOiJIUzI1NiJ9.eyJpc3MiOiJodHRwczpcL1wvb2ZpY2luYWp1ZGljaWFsdmlydHVhbC5wanVkLmNsIiwiYXVkIjoiaHR0cHM6XC9cL29maWNpbmFqdWRpY2lhbHZpcnR1YWwucGp1ZC5jbCIsImlhdCI6MTY1MDk3MTUxMywiZXhwIjoxNjUwOTc1MTEzLCJkYXRhIjp7ImNycl9kb2MiOiIyODE1NjY5MyIsImNvZF9jb3J0ZSI6IjI1IiwiY3JySWREb2NFc2MiOiIzMTUyNTU3MCIsImNvZF90aXBhcmNoaXZvIjoiMyIsInRyYW1pdGUiOjB9fQ.tSfQhPzh4lX7GaBiVlaIpIp6cw188IYJZBpFx5sC5uc,Resolución,Previo a proveer Reitera,11/06/2020,Primera Sala,Bloqueado
25,https://oficinajudicialvirtual.pjud.cl/ADIR_871/apelaciones/documentos/docCausaApelaciones.php?valorDoc=eyJ0eXAiOiJKV1QiLCJhbGciOiJIUzI1NiJ9.eyJpc3MiOiJodHRwczpcL1wvb2ZpY2luYWp1ZGljaWFsdmlydHVhbC5wanVkLmNsIiwiYXVkIjoiaHR0cHM6XC9cL29maWNpbmFqdWRpY2lhbHZpcnR1YWwucGp1ZC5jbCIsImlhdCI6MTY1MDk3MTUxMywiZXhwIjoxNjUwOTc1MTEzLCJkYXRhIjp7ImNycl9kb2MiOiI4ODU2NTk2IiwiY29kX2NvcnRlIjoiMjUiLCJjcnJJZERvY0VzYyI6IjEyNzQyNzg4IiwiY29kX3RpcGFyY2hpdm8iOiIzIiwidHJhbWl0ZSI6MX19.EWtGXZvaWItqwRaRpwGO8tSIhGgUgJ9YR-gyxhaTyRY,Escrito,Se de curso progresivo a estos autos,09/06/2020,...,Resuelto
24,https://oficinajudicialvirtual.pjud.cl/ADIR_871/apelaciones/documentos/docCausaApelaciones.php?valorDoc=eyJ0eXAiOiJKV1QiLCJhbGciOiJIUzI1NiJ9.eyJpc3MiOiJodHRwczpcL1wvb2ZpY2luYWp1ZGljaWFsdmlydHVhbC5wanVkLmNsIiwiYXVkIjoiaHR0cHM6XC9cL29maWNpbmFqdWRpY2lhbHZpcnR1YWwucGp1ZC5jbCIsImlhdCI6MTY1MDk3MTUxMywiZXhwIjoxNjUwOTc1MTEzLCJkYXRhIjp7ImNycl9kb2MiOiIyNzkzODMzOCIsImNvZF9jb3J0ZSI6IjI1IiwiY3JySWREb2NFc2MiOiIzMTI5ODI0NCIsImNvZF90aXBhcmNoaXZvIjoiMyIsInRyYW1pdGUiOjB9fQ.ssNldyuFnVePXsEkyhVZ_9bI4gFLunzGiSmoAavrSq8,Actuación,COMUNICA APER. INF. Y OTROS,27/05/2020,Primera Sala,Bloqueado
23,https://oficinajudicialvirtual.pjud.cl/ADIR_871/apelaciones/documentos/docCausaApelaciones.php?valorDoc=eyJ0eXAiOiJKV1QiLCJhbGciOiJIUzI1NiJ9.eyJpc3MiOiJodHRwczpcL1wvb2ZpY2luYWp1ZGljaWFsdmlydHVhbC5wanVkLmNsIiwiYXVkIjoiaHR0cHM6XC9cL29maWNpbmFqdWRpY2lhbHZpcnR1YWwucGp1ZC5jbCIsImlhdCI6MTY1MDk3MTUxMywiZXhwIjoxNjUwOTc1MTEzLCJkYXRhIjp7ImNycl9kb2MiOiIyNzkxNDIwMiIsImNvZF9jb3J0ZSI6IjI1IiwiY3JySWREb2NFc2MiOiIzMTI3NDQ1MSIsImNvZF90aXBhcmNoaXZvIjoiMyIsInRyYW1pdGUiOjB9fQ.kCuKNdBplP3Sq3ZgUFP_dAthlzQKc8txDvNmcrrGwi8,Resolución,Apercibe Informe,27/05/2020,Primera Sala,Bloqueado
22,https://oficinajudicialvirtual.pjud.cl/ADIR_871/apelaciones/documentos/docCausaApelaciones.php?valorDoc=eyJ0eXAiOiJKV1QiLCJhbGciOiJIUzI1NiJ9.eyJpc3MiOiJodHRwczpcL1wvb2ZpY2luYWp1ZGljaWFsdmlydHVhbC5wanVkLmNsIiwiYXVkIjoiaHR0cHM6XC9cL29maWNpbmFqdWRpY2lhbHZpcnR1YWwucGp1ZC5jbCIsImlhdCI6MTY1MDk3MTUxMywiZXhwIjoxNjUwOTc1MTEzLCJkYXRhIjp7ImNycl9kb2MiOiI4NzYwMTA3IiwiY29kX2NvcnRlIjoiMjUiLCJjcnJJZERvY0VzYyI6IjEyNjQ2OTY3IiwiY29kX3RpcGFyY2hpdm8iOiIzIiwidHJhbWl0ZSI6MX19.1MQnvAxHUsVAeNvsGkmVnQLwU3m-RCaAioRPyVaUoqo,Escrito,Apercibimiento,20/05/2020,...,Resuelto
21,https://oficinajudicialvirtual.pjud.cl/ADIR_871/apelaciones/documentos/docCausaApelaciones.php?valorDoc=eyJ0eXAiOiJKV1QiLCJhbGciOiJIUzI1NiJ9.eyJpc3MiOiJodHRwczpcL1wvb2ZpY2luYWp1ZGljaWFsdmlydHVhbC5wanVkLmNsIiwiYXVkIjoiaHR0cHM6XC9cL29maWNpbmFqdWRpY2lhbHZpcnR1YWwucGp1ZC5jbCIsImlhdCI6MTY1MDk3MTUxMywiZXhwIjoxNjUwOTc1MTEzLCJkYXRhIjp7ImNycl9kb2MiOiIyNzY3NTM2NyIsImNvZF9jb3J0ZSI6IjI1IiwiY3JySWREb2NFc2MiOiIzMTAyMTYwNyIsImNvZF90aXBhcmNoaXZvIjoiMyIsInRyYW1pdGUiOjB9fQ.3sJhuL5U9rnnYyWONHXInksaqmbgnz1gvcpVcI2rncw,Resolución,Certifíquese,12/05/2020,Presidencia,Bloqueado
20,https://oficinajudicialvirtual.pjud.cl/ADIR_871/apelaciones/documentos/docCausaApelaciones.php?valorDoc=eyJ0eXAiOiJKV1QiLCJhbGciOiJIUzI1NiJ9.eyJpc3MiOiJodHRwczpcL1wvb2ZpY2luYWp1ZGljaWFsdmlydHVhbC5wanVkLmNsIiwiYXVkIjoiaHR0cHM6XC9cL29maWNpbmFqdWRpY2lhbHZpcnR1YWwucGp1ZC5jbCIsImlhdCI6MTY1MDk3MTUxMywiZXhwIjoxNjUwOTc1MTEzLCJkYXRhIjp7ImNycl9kb2MiOiIyNzY3NTM3NiIsImNvZF9jb3J0ZSI6IjI1IiwiY3JySWREb2NFc2MiOiIzMTAyMTYxNCIsImNvZF90aXBhcmNoaXZvIjoiMyIsInRyYW1pdGUiOjB9fQ.Skd1u66T_rpeQ1RCmlSpT9rRljeik7VMA2mTzXM8tac,Actuación,Certificado de ejecutoria,12/05/2020,Cuenta,Bloqueado
19,https://oficinajudicialvirtual.pjud.cl/ADIR_871/apelaciones/documentos/docCausaApelaciones.php?valorDoc=eyJ0eXAiOiJKV1QiLCJhbGciOiJIUzI1NiJ9.eyJpc3MiOiJodHRwczpcL1wvb2ZpY2luYWp1ZGljaWFsdmlydHVhbC5wanVkLmNsIiwiYXVkIjoiaHR0cHM6XC9cL29maWNpbmFqdWRpY2lhbHZpcnR1YWwucGp1ZC5jbCIsImlhdCI6MTY1MDk3MTUxMywiZXhwIjoxNjUwOTc1MTEzLCJkYXRhIjp7ImNycl9kb2MiOiI4NzA1NDIyIiwiY29kX2NvcnRlIjoiMjUiLCJjcnJJZERvY0VzYyI6IjEyNTkyNjIyIiwiY29kX3RpcGFyY2hpdm8iOiIzIiwidHJhbWl0ZSI6MX19.3FHyhEOdFR54m_UmTOUNz57bGKyJgAWZQvk7fT3TH98,Escrito,Certificacion,09/05/2020,...,Resuelto
18,https://oficinajudicialvirtual.pjud.cl/ADIR_871/apelaciones/documentos/docCausaApelaciones.php?valorDoc=eyJ0eXAiOiJKV1QiLCJhbGciOiJIUzI1NiJ9.eyJpc3MiOiJodHRwczpcL1wvb2ZpY2luYWp1ZGljaWFsdmlydHVhbC5wanVkLmNsIiwiYXVkIjoiaHR0cHM6XC9cL29maWNpbmFqdWRpY2lhbHZpcnR1YWwucGp1ZC5jbCIsImlhdCI6MTY1MDk3MTUxMywiZXhwIjoxNjUwOTc1MTEzLCJkYXRhIjp7ImNycl9kb2MiOiIyNzU1OTk5MSIsImNvZF9jb3J0ZSI6IjI1IiwiY3JySWREb2NFc2MiOiIzMDg5OTA5OCIsImNvZF90aXBhcmNoaXZvIjoiMyIsInRyYW1pdGUiOjB9fQ.gF2awO1FZy_OUPG7egDTURDwrfz4885lfDkTAT5Zmf0,Actuación,COMUNICA FIJA COSTAS,30/04/2020,Primera Sala,Bloqueado
17,https://oficinajudicialvirtual.pjud.cl/ADIR_871/apelaciones/documentos/docCausaApelaciones.php?valorDoc=eyJ0eXAiOiJKV1QiLCJhbGciOiJIUzI1NiJ9.eyJpc3MiOiJodHRwczpcL1wvb2ZpY2luYWp1ZGljaWFsdmlydHVhbC5wanVkLmNsIiwiYXVkIjoiaHR0cHM6XC9cL29maWNpbmFqdWRpY2lhbHZpcnR1YWwucGp1ZC5jbCIsImlhdCI6MTY1MDk3MTUxMywiZXhwIjoxNjUwOTc1MTEzLCJkYXRhIjp7ImNycl9kb2MiOiIyNzU1OTgzNSIsImNvZF9jb3J0ZSI6IjI1IiwiY3JySWREb2NFc2MiOiIzMDg5ODk0MiIsImNvZF90aXBhcmNoaXZvIjoiMyIsInRyYW1pdGUiOjB9fQ.68ghXER_UnqJTxNOQN5s9hpYn_l1iu4oqRb_c3J42Zw,Actuación,COMUNICA ACOGIDA,30/04/2020,Primera Sala,Bloqueado
16,https://oficinajudicialvirtual.pjud.cl/ADIR_871/apelaciones/documentos/docCausaApelaciones.php?valorDoc=eyJ0eXAiOiJKV1QiLCJhbGciOiJIUzI1NiJ9.eyJpc3MiOiJodHRwczpcL1wvb2ZpY2luYWp1ZGljaWFsdmlydHVhbC5wanVkLmNsIiwiYXVkIjoiaHR0cHM6XC9cL29maWNpbmFqdWRpY2lhbHZpcnR1YWwucGp1ZC5jbCIsImlhdCI6MTY1MDk3MTUxMywiZXhwIjoxNjUwOTc1MTEzLCJkYXRhIjp7ImNycl9kb2MiOiIyNzUzNTg0NSIsImNvZF9jb3J0ZSI6IjI1IiwiY3JySWREb2NFc2MiOiIzMDg3MTY3MCIsImNvZF90aXBhcmNoaXZvIjoiMyIsInRyYW1pdGUiOjB9fQ.-qpLOqe99lnqO5zmTxPe_hl7iz5EUfcAJURGJOTSqLA,Resolución,Fija Costas,30/04/2020,Primera Sala,Bloqueado
15,https://oficinajudicialvirtual.pjud.cl/ADIR_871/apelaciones/documentos/docCausaApelaciones.php?valorDoc=eyJ0eXAiOiJKV1QiLCJhbGciOiJIUzI1NiJ9.eyJpc3MiOiJodHRwczpcL1wvb2ZpY2luYWp1ZGljaWFsdmlydHVhbC5wanVkLmNsIiwiYXVkIjoiaHR0cHM6XC9cL29maWNpbmFqdWRpY2lhbHZpcnR1YWwucGp1ZC5jbCIsImlhdCI6MTY1MDk3MTUxMywiZXhwIjoxNjUwOTc1MTEzLCJkYXRhIjp7ImNycl9kb2MiOiIyNzQ2MTEwNiIsImNvZF9jb3J0ZSI6IjI1IiwiY3JySWREb2NFc2MiOiIzMDc5NTUxOSIsImNvZF90aXBhcmNoaXZvIjoiMyIsInRyYW1pdGUiOjB9fQ.6nt0Wsk_VHSUm9ltusO3gIdjy2xW3fr682DYKvduiGk,Sentencia,Acogida,30/04/2020,Primera Sala,Bloqueado
14,https://oficinajudicialvirtual.pjud.cl/ADIR_871/apelaciones/documentos/docCausaApelaciones.php?valorDoc=eyJ0eXAiOiJKV1QiLCJhbGciOiJIUzI1NiJ9.eyJpc3MiOiJodHRwczpcL1wvb2ZpY2luYWp1ZGljaWFsdmlydHVhbC5wanVkLmNsIiwiYXVkIjoiaHR0cHM6XC9cL29maWNpbmFqdWRpY2lhbHZpcnR1YWwucGp1ZC5jbCIsImlhdCI6MTY1MDk3MTUxMywiZXhwIjoxNjUwOTc1MTEzLCJkYXRhIjp7ImNycl9kb2MiOiIyNzQ4MDM0MSIsImNvZF9jb3J0ZSI6IjI1IiwiY3JySWREb2NFc2MiOiIzMDgxNTU3NSIsImNvZF90aXBhcmNoaXZvIjoiMyIsInRyYW1pdGUiOjB9fQ.s_-N-Rn0D5X9RDhqR-1DFpSXiCtJMIEVzTO0quf-86o,Resolución,En Relación/Agréguese 30-04,29/04/2020,Presidencia,Bloqueado
13,https://oficinajudicialvirtual.pjud.cl/ADIR_871/apelaciones/documentos/docCausaApelaciones.php?valorDoc=eyJ0eXAiOiJKV1QiLCJhbGciOiJIUzI1NiJ9.eyJpc3MiOiJodHRwczpcL1wvb2ZpY2luYWp1ZGljaWFsdmlydHVhbC5wanVkLmNsIiwiYXVkIjoiaHR0cHM6XC9cL29maWNpbmFqdWRpY2lhbHZpcnR1YWwucGp1ZC5jbCIsImlhdCI6MTY1MDk3MTUxMywiZXhwIjoxNjUwOTc1MTEzLCJkYXRhIjp7ImNycl9kb2MiOiIyNTk1MTU5NSIsImNvZF9jb3J0ZSI6IjI1IiwiY3JySWREb2NFc2MiOiIyOTIzMTEyNiIsImNvZF90aXBhcmNoaXZvIjoiMyIsInRyYW1pdGUiOjB9fQ.r9FeESVjlJ_prBuMOLHX7yVbz079qISWdxZWuHMg2fI,Resolución,Por evacuado informe.,09/01/2020,Presidencia,Bloqueado
12,https://oficinajudicialvirtual.pjud.cl/ADIR_871/apelaciones/documentos/docCausaApelaciones.php?valorDoc=eyJ0eXAiOiJKV1QiLCJhbGciOiJIUzI1NiJ9.eyJpc3MiOiJodHRwczpcL1wvb2ZpY2luYWp1ZGljaWFsdmlydHVhbC5wanVkLmNsIiwiYXVkIjoiaHR0cHM6XC9cL29maWNpbmFqdWRpY2lhbHZpcnR1YWwucGp1ZC5jbCIsImlhdCI6MTY1MDk3MTUxMywiZXhwIjoxNjUwOTc1MTEzLCJkYXRhIjp7ImNycl9kb2MiOiI4MDQ4MTUxIiwiY29kX2NvcnRlIjoiMjUiLCJjcnJJZERvY0VzYyI6IjExOTQwMDY4IiwiY29kX3RpcGFyY2hpdm8iOiIzIiwidHJhbWl0ZSI6MX19.gk8R51Q9hggyDZAcKEUATtEi-ekX6XVWgm4ui4hx2kQ,Escrito,Informe GES,02/01/2020,...,Resuelto
11,https://oficinajudicialvirtual.pjud.cl/ADIR_871/apelaciones/documentos/docCausaApelaciones.php?valorDoc=eyJ0eXAiOiJKV1QiLCJhbGciOiJIUzI1NiJ9.eyJpc3MiOiJodHRwczpcL1wvb2ZpY2luYWp1ZGljaWFsdmlydHVhbC5wanVkLmNsIiwiYXVkIjoiaHR0cHM6XC9cL29maWNpbmFqdWRpY2lhbHZpcnR1YWwucGp1ZC5jbCIsImlhdCI6MTY1MDk3MTUxMywiZXhwIjoxNjUwOTc1MTEzLCJkYXRhIjp7ImNycl9kb2MiOiIyNTQzNDE5NCIsImNvZF9jb3J0ZSI6IjI1IiwiY3JySWREb2NFc2MiOiIyODY4OTI5NCIsImNvZF90aXBhcmNoaXZvIjoiMyIsInRyYW1pdGUiOjB9fQ.sX1VU4B8PC1cdCM_bXVbQF5MxbUPaRePx35UWtGpYu4,Resolución,En conocimiento inhabilidad,03/12/2019,Presidencia,Bloqueado
10,https://oficinajudicialvirtual.pjud.cl/ADIR_871/apelaciones/documentos/docCausaApelaciones.php?valorDoc=eyJ0eXAiOiJKV1QiLCJhbGciOiJIUzI1NiJ9.eyJpc3MiOiJodHRwczpcL1wvb2ZpY2luYWp1ZGljaWFsdmlydHVhbC5wanVkLmNsIiwiYXVkIjoiaHR0cHM6XC9cL29maWNpbmFqdWRpY2lhbHZpcnR1YWwucGp1ZC5jbCIsImlhdCI6MTY1MDk3MTUxMywiZXhwIjoxNjUwOTc1MTEzLCJkYXRhIjp7ImNycl9kb2MiOiIyNTQ0MjQ5NyIsImNvZF9jb3J0ZSI6IjI1IiwiY3JySWREb2NFc2MiOiIyODY5NzkwMyIsImNvZF90aXBhcmNoaXZvIjoiMyIsInRyYW1pdGUiOjB9fQ.zloYif5S9r6aXYsTtidN6jgz_ueXf3i2Eu9GsId8HhU,Actuación,COMUNICA CONCEDE ONI,02/12/2019,Primera Sala,Bloqueado
9,https://oficinajudicialvirtual.pjud.cl/ADIR_871/apelaciones/documentos/docCausaApelaciones.php?valorDoc=eyJ0eXAiOiJKV1QiLCJhbGciOiJIUzI1NiJ9.eyJpc3MiOiJodHRwczpcL1wvb2ZpY2luYWp1ZGljaWFsdmlydHVhbC5wanVkLmNsIiwiYXVkIjoiaHR0cHM6XC9cL29maWNpbmFqdWRpY2lhbHZpcnR1YWwucGp1ZC5jbCIsImlhdCI6MTY1MDk3MTUxMywiZXhwIjoxNjUwOTc1MTEzLCJkYXRhIjp7ImNycl9kb2MiOiIyNTQzNDE3NSIsImNvZF9jb3J0ZSI6IjI1IiwiY3JySWREb2NFc2MiOiIyODY4OTI1NSIsImNvZF90aXBhcmNoaXZvIjoiMyIsInRyYW1pdGUiOjB9fQ.JYVOlknCAiAN5fx8Qz-74hzhFn89-PUOkR90jU8qdsk,Actuación,Constancia inhabilidad,02/12/2019,Cuenta,Bloqueado
8,https://oficinajudicialvirtual.pjud.cl/ADIR_871/apelaciones/documentos/docCausaApelaciones.php?valorDoc=eyJ0eXAiOiJKV1QiLCJhbGciOiJIUzI1NiJ9.eyJpc3MiOiJodHRwczpcL1wvb2ZpY2luYWp1ZGljaWFsdmlydHVhbC5wanVkLmNsIiwiYXVkIjoiaHR0cHM6XC9cL29maWNpbmFqdWRpY2lhbHZpcnR1YWwucGp1ZC5jbCIsImlhdCI6MTY1MDk3MTUxMywiZXhwIjoxNjUwOTc1MTEzLCJkYXRhIjp7ImNycl9kb2MiOiIyNTQwMTIzNiIsImNvZF9jb3J0ZSI6IjI1IiwiY3JySWREb2NFc2MiOiIyODY0OTg4OCIsImNvZF90aXBhcmNoaXZvIjoiMyIsInRyYW1pdGUiOjB9fQ.Jo9SyzBQalxkJemtDHu5CBD4muzwQKmSF3tvJX-2z_s,Resolución,Concede ONI (PR16),02/12/2019,Primera Sala,Bloqueado
7,https://oficinajudicialvirtual.pjud.cl/ADIR_871/apelaciones/documentos/docCausaApelaciones.php?valorDoc=eyJ0eXAiOiJKV1QiLCJhbGciOiJIUzI1NiJ9.eyJpc3MiOiJodHRwczpcL1wvb2ZpY2luYWp1ZGljaWFsdmlydHVhbC5wanVkLmNsIiwiYXVkIjoiaHR0cHM6XC9cL29maWNpbmFqdWRpY2lhbHZpcnR1YWwucGp1ZC5jbCIsImlhdCI6MTY1MDk3MTUxMywiZXhwIjoxNjUwOTc1MTEzLCJkYXRhIjp7ImNycl9kb2MiOiIyNTQxNjUzNiIsImNvZF9jb3J0ZSI6IjI1IiwiY3JySWREb2NFc2MiOiIyODY2ODY3MSIsImNvZF90aXBhcmNoaXZvIjoiMyIsInRyYW1pdGUiOjB9fQ.f6C6Q_nfQ3lmvH_JWKRy23a6jKXrHkg8Dwiw3iMWdcs,Actuación,COMUNICACIÓN ISAPRE,29/11/2019,Primera Sala,Bloqueado
6,https://oficinajudicialvirtual.pjud.cl/ADIR_871/apelaciones/documentos/docCausaApelaciones.php?valorDoc=eyJ0eXAiOiJKV1QiLCJhbGciOiJIUzI1NiJ9.eyJpc3MiOiJodHRwczpcL1wvb2ZpY2luYWp1ZGljaWFsdmlydHVhbC5wanVkLmNsIiwiYXVkIjoiaHR0cHM6XC9cL29maWNpbmFqdWRpY2lhbHZpcnR1YWwucGp1ZC5jbCIsImlhdCI6MTY1MDk3MTUxMywiZXhwIjoxNjUwOTc1MTEzLCJkYXRhIjp7ImNycl9kb2MiOiIyNTM5MDE2NSIsImNvZF9jb3J0ZSI6IjI1IiwiY3JySWREb2NFc2MiOiIyODYzODY5MCIsImNvZF90aXBhcmNoaXZvIjoiMyIsInRyYW1pdGUiOjB9fQ.cPXzpsuZ-IzTcPAyfGUce_oh0tLwdl01lRfErlQu77M,Actuación,Cta. ONI PRIMERA SALA,29/11/2019,Cuenta,Bloqueado
5,https://oficinajudicialvirtual.pjud.cl/ADIR_871/apelaciones/documentos/docCausaApelaciones.php?valorDoc=eyJ0eXAiOiJKV1QiLCJhbGciOiJIUzI1NiJ9.eyJpc3MiOiJodHRwczpcL1wvb2ZpY2luYWp1ZGljaWFsdmlydHVhbC5wanVkLmNsIiwiYXVkIjoiaHR0cHM6XC9cL29maWNpbmFqdWRpY2lhbHZpcnR1YWwucGp1ZC5jbCIsImlhdCI6MTY1MDk3MTUxMywiZXhwIjoxNjUwOTc1MTEzLCJkYXRhIjp7ImNycl9kb2MiOiIyNTM5MDEzMyIsImNvZF9jb3J0ZSI6IjI1IiwiY3JySWREb2NFc2MiOiIyODYzNjIzNiIsImNvZF90aXBhcmNoaXZvIjoiMyIsInRyYW1pdGUiOjB9fQ.G41Qo1MLbGpvP-fQSULzfGevETgKj4sIBCqQmpxt7jc,Resolución,Int. Rec. de Prot.GES/ONI,29/11/2019,Primera Sala,Bloqueado
4,https://oficinajudicialvirtual.pjud.cl/ADIR_871/apelaciones/documentos/docCausaApelaciones.php?valorDoc=eyJ0eXAiOiJKV1QiLCJhbGciOiJIUzI1NiJ9.eyJpc3MiOiJodHRwczpcL1wvb2ZpY2luYWp1ZGljaWFsdmlydHVhbC5wanVkLmNsIiwiYXVkIjoiaHR0cHM6XC9cL29maWNpbmFqdWRpY2lhbHZpcnR1YWwucGp1ZC5jbCIsImlhdCI6MTY1MDk3MTUxMywiZXhwIjoxNjUwOTc1MTEzLCJkYXRhIjp7ImNycl9kb2MiOiIyNDk3ODAyMCIsImNvZF9jb3J0ZSI6IjI1IiwiY3JySWREb2NFc2MiOiIyODIwMjMxNyIsImNvZF90aXBhcmNoaXZvIjoiMyIsInRyYW1pdGUiOjB9fQ.O1wp-0-5hs09nqtMZaTtr_hY6bm5d19g6GbdQCpvmAs,Resolución,Pasen los antec. a la sala tra,05/11/2019,Presidencia,Bloqueado
3,https://oficinajudicialvirtual.pjud.cl/ADIR_871/apelaciones/documentos/docCausaApelaciones.php?valorDoc=eyJ0eXAiOiJKV1QiLCJhbGciOiJIUzI1NiJ9.eyJpc3MiOiJodHRwczpcL1wvb2ZpY2luYWp1ZGljaWFsdmlydHVhbC5wanVkLmNsIiwiYXVkIjoiaHR0cHM6XC9cL29maWNpbmFqdWRpY2lhbHZpcnR1YWwucGp1ZC5jbCIsImlhdCI6MTY1MDk3MTUxMywiZXhwIjoxNjUwOTc1MTEzLCJkYXRhIjp7ImNycl9kb2MiOiIyNDk1NTYzOSIsImNvZF9jb3J0ZSI6IjI1IiwiY3JySWREb2NFc2MiOiIyODE3NTQ2OSIsImNvZF90aXBhcmNoaXZvIjoiMyIsInRyYW1pdGUiOjB9fQ.saL5Dtg2GQIsRIfEDugDqV6TO5owUNXML0Fxv3BlGAo,Actuación,Cert. calidad abogado,30/10/2019,Cuenta,Bloqueado
2,https://oficinajudicialvirtual.pjud.cl/ADIR_871/apelaciones/documentos/docCausaApelaciones.php?valorDoc=eyJ0eXAiOiJKV1QiLCJhbGciOiJIUzI1NiJ9.eyJpc3MiOiJodHRwczpcL1wvb2ZpY2luYWp1ZGljaWFsdmlydHVhbC5wanVkLmNsIiwiYXVkIjoiaHR0cHM6XC9cL29maWNpbmFqdWRpY2lhbHZpcnR1YWwucGp1ZC5jbCIsImlhdCI6MTY1MDk3MTUxMywiZXhwIjoxNjUwOTc1MTEzLCJkYXRhIjp7ImNycl9kb2MiOiIyNDk1NTYzOCIsImNvZF9jb3J0ZSI6IjI1IiwiY3JySWREb2NFc2MiOiIyODE3NTQ2OCIsImNvZF90aXBhcmNoaXZvIjoiMyIsInRyYW1pdGUiOjB9fQ.T_BsJoDggRTzHPaEUb4nDj1fmcQjRRHuL-2sZ8UByFU,Resolución,Inicio tramitación,30/10/2019,Cuenta,Bloqueado
1,https://oficinajudicialvirtual.pjud.cl/ADIR_871/apelaciones/documentos/docCausaApelaciones.php?valorDoc=eyJ0eXAiOiJKV1QiLCJhbGciOiJIUzI1NiJ9.eyJpc3MiOiJodHRwczpcL1wvb2ZpY2luYWp1ZGljaWFsdmlydHVhbC5wanVkLmNsIiwiYXVkIjoiaHR0cHM6XC9cL29maWNpbmFqdWRpY2lhbHZpcnR1YWwucGp1ZC5jbCIsImlhdCI6MTY1MDk3MTUxMywiZXhwIjoxNjUwOTc1MTEzLCJkYXRhIjp7ImNycl9kb2MiOiI3NzQ5NzU3IiwiY29kX2NvcnRlIjoiMjUiLCJjcnJJZERvY0VzYyI6IjExNjI2MDE4IiwiY29kX3RpcGFyY2hpdm8iOiIzIiwidHJhbWl0ZSI6MX19.lRez63hxaQxSo6If2rXynCgde3N2A71KEF3kdnZ4RMI,Escrito,*Ingreso Recurso,30/10/2019,...,Resuelto
15,https://oficinajudicialvirtual.pjud.cl/ADIR_871/apelaciones/documentos/docCausaApelaciones.php?valorDoc=eyJ0eXAiOiJKV1QiLCJhbGciOiJIUzI1NiJ9.eyJpc3MiOiJodHRwczpcL1wvb2ZpY2luYWp1ZGljaWFsdmlydHVhbC5wanVkLmNsIiwiYXVkIjoiaHR0cHM6XC9cL29maWNpbmFqdWRpY2lhbHZpcnR1YWwucGp1ZC5jbCIsImlhdCI6MTY1MDk3MTUxOSwiZXhwIjoxNjUwOTc1MTE5LCJkYXRhIjp7ImNycl9kb2MiOiIyOTMwNDc4MyIsImNvZF9jb3J0ZSI6IjkwIiwiY3JySWREb2NFc2MiOiIzMjczNTcxMSIsImNvZF90aXBhcmNoaXZvIjoiMyIsInRyYW1pdGUiOjB9fQ.un4hT19xbcEA7b6mQYoC8SknOgQ0or78FpdGScMCl6U,Resolución,Archívese,13/08/2020,Cuenta Protección,Bloqueado
14,https://oficinajudicialvirtual.pjud.cl/ADIR_871/apelaciones/documentos/docCausaApelaciones.php?valorDoc=eyJ0eXAiOiJKV1QiLCJhbGciOiJIUzI1NiJ9.eyJpc3MiOiJodHRwczpcL1wvb2ZpY2luYWp1ZGljaWFsdmlydHVhbC5wanVkLmNsIiwiYXVkIjoiaHR0cHM6XC9cL29maWNpbmFqdWRpY2lhbHZpcnR1YWwucGp1ZC5jbCIsImlhdCI6MTY1MDk3MTUxOSwiZXhwIjoxNjUwOTc1MTE5LCJkYXRhIjp7ImNycl9kb2MiOiIyODU3NDMyMCIsImNvZF9jb3J0ZSI6IjkwIiwiY3JySWREb2NFc2MiOiIzMTk2ODIyMSIsImNvZF90aXBhcmNoaXZvIjoiMyIsInRyYW1pdGUiOjB9fQ.ZTDn4HKIiCmmw-pXdgLcVAWjZdgwc7X1IqJ-jex9VPI,Actuación,VALE VISTA DISPONIBLE PARA RET,03/07/2020,Cuenta Protección,Bloqueado
13,https://oficinajudicialvirtual.pjud.cl/ADIR_871/apelaciones/documentos/docCausaApelaciones.php?valorDoc=eyJ0eXAiOiJKV1QiLCJhbGciOiJIUzI1NiJ9.eyJpc3MiOiJodHRwczpcL1wvb2ZpY2luYWp1ZGljaWFsdmlydHVhbC5wanVkLmNsIiwiYXVkIjoiaHR0cHM6XC9cL29maWNpbmFqdWRpY2lhbHZpcnR1YWwucGp1ZC5jbCIsImlhdCI6MTY1MDk3MTUxOSwiZXhwIjoxNjUwOTc1MTE5LCJkYXRhIjp7ImNycl9kb2MiOiI4ODg0MDg5IiwiY29kX2NvcnRlIjoiOTAiLCJjcnJJZERvY0VzYyI6IjEyNzcwMDg4IiwiY29kX3RpcGFyY2hpdm8iOiIzIiwidHJhbWl0ZSI6MX19.GPCOMRMNHmr0dOrB3E8v-nLbQe6lZAkCOahiBhl8j1E,Escrito,Se objeta tasacion/regulacion de costas,12/06/2020,...,Resuelto
12,https://oficinajudicialvirtual.pjud.cl/ADIR_871/apelaciones/documentos/docCausaApelaciones.php?valorDoc=eyJ0eXAiOiJKV1QiLCJhbGciOiJIUzI1NiJ9.eyJpc3MiOiJodHRwczpcL1wvb2ZpY2luYWp1ZGljaWFsdmlydHVhbC5wanVkLmNsIiwiYXVkIjoiaHR0cHM6XC9cL29maWNpbmFqdWRpY2lhbHZpcnR1YWwucGp1ZC5jbCIsImlhdCI6MTY1MDk3MTUxOSwiZXhwIjoxNjUwOTc1MTE5LCJkYXRhIjp7ImNycl9kb2MiOiIyODA1MjEwNCIsImNvZF9jb3J0ZSI6IjkwIiwiY3JySWREb2NFc2MiOiIzMTQxNjIzMyIsImNvZF90aXBhcmNoaXZvIjoiMyIsInRyYW1pdGUiOjB9fQ.IQdRRI6eGwkxRkXSXEggob9JomGLU-CI37r3IkmRhLo,Actuación,COMUNICA ACOGIDA,03/06/2020,Séptima,Bloqueado
11,https://oficinajudicialvirtual.pjud.cl/ADIR_871/apelaciones/documentos/docCausaApelaciones.php?valorDoc=eyJ0eXAiOiJKV1QiLCJhbGciOiJIUzI1NiJ9.eyJpc3MiOiJodHRwczpcL1wvb2ZpY2luYWp1ZGljaWFsdmlydHVhbC5wanVkLmNsIiwiYXVkIjoiaHR0cHM6XC9cL29maWNpbmFqdWRpY2lhbHZpcnR1YWwucGp1ZC5jbCIsImlhdCI6MTY1MDk3MTUxOSwiZXhwIjoxNjUwOTc1MTE5LCJkYXRhIjp7ImNycl9kb2MiOiIyNzk4NzE4MCIsImNvZF9jb3J0ZSI6IjkwIiwiY3JySWREb2NFc2MiOiIzMTMzODc0OCIsImNvZF90aXBhcmNoaXZvIjoiMyIsInRyYW1pdGUiOjB9fQ.GfJyWmRKO16FHMVgfO9uO-VWgTdZB4qrKpJQRxx4pJ0,Sentencia,Acogida,03/06/2020,Séptima,Bloqueado
10,https://oficinajudicialvirtual.pjud.cl/ADIR_871/apelaciones/documentos/docCausaApelaciones.php?valorDoc=eyJ0eXAiOiJKV1QiLCJhbGciOiJIUzI1NiJ9.eyJpc3MiOiJodHRwczpcL1wvb2ZpY2luYWp1ZGljaWFsdmlydHVhbC5wanVkLmNsIiwiYXVkIjoiaHR0cHM6XC9cL29maWNpbmFqdWRpY2lhbHZpcnR1YWwucGp1ZC5jbCIsImlhdCI6MTY1MDk3MTUxOSwiZXhwIjoxNjUwOTc1MTE5LCJkYXRhIjp7ImNycl9kb2MiOiIyODA0NDY3MyIsImNvZF9jb3J0ZSI6IjkwIiwiY3JySWREb2NFc2MiOiIzMTQwODYyOCIsImNvZF90aXBhcmNoaXZvIjoiMyIsInRyYW1pdGUiOjB9fQ.9rxGHoR0XeZ4mIQm1sEfKul9lUNKG7oNa9Pk6fjpJJs,Actuación,Integracion Extraordinaria,03/06/2020,Séptima,Bloqueado
9,https://oficinajudicialvirtual.pjud.cl/ADIR_871/apelaciones/documentos/docCausaApelaciones.php?valorDoc=eyJ0eXAiOiJKV1QiLCJhbGciOiJIUzI1NiJ9.eyJpc3MiOiJodHRwczpcL1wvb2ZpY2luYWp1ZGljaWFsdmlydHVhbC5wanVkLmNsIiwiYXVkIjoiaHR0cHM6XC9cL29maWNpbmFqdWRpY2lhbHZpcnR1YWwucGp1ZC5jbCIsImlhdCI6MTY1MDk3MTUxOSwiZXhwIjoxNjUwOTc1MTE5LCJkYXRhIjp7ImNycl9kb2MiOiIyODA0NDY3MiIsImNvZF9jb3J0ZSI6IjkwIiwiY3JySWREb2NFc2MiOiIzMTQwODYyNyIsImNvZF90aXBhcmNoaXZvIjoiMyIsInRyYW1pdGUiOjB9fQ.XzAhNVAp_7U6aWcpgfIADSIP97_5kM1dQMaMArdTrnU,Actuación,Inhabilidad Ministro,03/06/2020,Séptima,Bloqueado
8,https://oficinajudicialvirtual.pjud.cl/ADIR_871/apelaciones/documentos/docCausaApelaciones.php?valorDoc=eyJ0eXAiOiJKV1QiLCJhbGciOiJIUzI1NiJ9.eyJpc3MiOiJodHRwczpcL1wvb2ZpY2luYWp1ZGljaWFsdmlydHVhbC5wanVkLmNsIiwiYXVkIjoiaHR0cHM6XC9cL29maWNpbmFqdWRpY2lhbHZpcnR1YWwucGp1ZC5jbCIsImlhdCI6MTY1MDk3MTUxOSwiZXhwIjoxNjUwOTc1MTE5LCJkYXRhIjp7ImNycl9kb2MiOiIyNzk3NDk5MiIsImNvZF9jb3J0ZSI6IjkwIiwiY3JySWREb2NFc2MiOiIzMTMzODc0NyIsImNvZF90aXBhcmNoaXZvIjoiMyIsInRyYW1pdGUiOjB9fQ.XZa_JWDHCxOznyFHT7JYB8SCQ4AvtyEnNEsd420QWDI,Resolución,Agréguese Extraordinariamente,29/05/2020,Séptima,Bloqueado
7,https://oficinajudicialvirtual.pjud.cl/ADIR_871/apelaciones/documentos/docCausaApelaciones.php?valorDoc=eyJ0eXAiOiJKV1QiLCJhbGciOiJIUzI1NiJ9.eyJpc3MiOiJodHRwczpcL1wvb2ZpY2luYWp1ZGljaWFsdmlydHVhbC5wanVkLmNsIiwiYXVkIjoiaHR0cHM6XC9cL29maWNpbmFqdWRpY2lhbHZpcnR1YWwucGp1ZC5jbCIsImlhdCI6MTY1MDk3MTUxOSwiZXhwIjoxNjUwOTc1MTE5LCJkYXRhIjp7ImNycl9kb2MiOiIyNjcwNTcwMSIsImNvZF9jb3J0ZSI6IjkwIiwiY3JySWREb2NFc2MiOiIzMDAzMzg4NiIsImNvZF90aXBhcmNoaXZvIjoiMyIsInRyYW1pdGUiOjB9fQ.HydRUgc2eNFxPJpqaYgsm9UjMZs8YW2q1UKYUX8JnE4,Resolución,En Relación,05/03/2020,Cuenta Protección,Bloqueado
6,https://oficinajudicialvirtual.pjud.cl/ADIR_871/apelaciones/documentos/docCausaApelaciones.php?valorDoc=eyJ0eXAiOiJKV1QiLCJhbGciOiJIUzI1NiJ9.eyJpc3MiOiJodHRwczpcL1wvb2ZpY2luYWp1ZGljaWFsdmlydHVhbC5wanVkLmNsIiwiYXVkIjoiaHR0cHM6XC9cL29maWNpbmFqdWRpY2lhbHZpcnR1YWwucGp1ZC5jbCIsImlhdCI6MTY1MDk3MTUxOSwiZXhwIjoxNjUwOTc1MTE5LCJkYXRhIjp7ImNycl9kb2MiOiI4MDUyNzYxIiwiY29kX2NvcnRlIjoiOTAiLCJjcnJJZERvY0VzYyI6IjExOTQ0Njk4IiwiY29kX3RpcGFyY2hpdm8iOiIzIiwidHJhbWl0ZSI6MX19.uRPzInVIyL9DDL7sbHRUDHIDBqGKx6NVVRX7XxBRKVY,Escrito,Se evacua informe,02/01/2020,...,Resuelto
5,https://oficinajudicialvirtual.pjud.cl/ADIR_871/apelaciones/documentos/docCausaApelaciones.php?valorDoc=eyJ0eXAiOiJKV1QiLCJhbGciOiJIUzI1NiJ9.eyJpc3MiOiJodHRwczpcL1wvb2ZpY2luYWp1ZGljaWFsdmlydHVhbC5wanVkLmNsIiwiYXVkIjoiaHR0cHM6XC9cL29maWNpbmFqdWRpY2lhbHZpcnR1YWwucGp1ZC5jbCIsImlhdCI6MTY1MDk3MTUxOSwiZXhwIjoxNjUwOTc1MTE5LCJkYXRhIjp7ImNycl9kb2MiOiIyNTgwNjc5NiIsImNvZF9jb3J0ZSI6IjkwIiwiY3JySWREb2NFc2MiOiIyOTA3OTIxMyIsImNvZF90aXBhcmNoaXZvIjoiMyIsInRyYW1pdGUiOjB9fQ.yBhloHuwQxymy4Dhub-owfekeQ63geUnTUVr84SafPE,Actuación,COMUNICACIÓN ISAPRE,26/12/2019,Cuenta Protección,Bloqueado
4,https://oficinajudicialvirtual.pjud.cl/ADIR_871/apelaciones/documentos/docCausaApelaciones.php?valorDoc=eyJ0eXAiOiJKV1QiLCJhbGciOiJIUzI1NiJ9.eyJpc3MiOiJodHRwczpcL1wvb2ZpY2luYWp1ZGljaWFsdmlydHVhbC5wanVkLmNsIiwiYXVkIjoiaHR0cHM6XC9cL29maWNpbmFqdWRpY2lhbHZpcnR1YWwucGp1ZC5jbCIsImlhdCI6MTY1MDk3MTUxOSwiZXhwIjoxNjUwOTc1MTE5LCJkYXRhIjp7ImNycl9kb2MiOiIyNTc1NzIxOSIsImNvZF9jb3J0ZSI6IjkwIiwiY3JySWREb2NFc2MiOiIyOTAyODYyOCIsImNvZF90aXBhcmNoaXZvIjoiMyIsInRyYW1pdGUiOjB9fQ.eAI710ZdNjGxNxI8yX2c-obqXDV7gHiEuo1fX28PjAQ,Resolución,Interpuesto Recurso de Protecc,26/12/2019,Cuenta Protección,Bloqueado
3,https://oficinajudicialvirtual.pjud.cl/ADIR_871/apelaciones/documentos/docCausaApelaciones.php?valorDoc=eyJ0eXAiOiJKV1QiLCJhbGciOiJIUzI1NiJ9.eyJpc3MiOiJodHRwczpcL1wvb2ZpY2luYWp1ZGljaWFsdmlydHVhbC5wanVkLmNsIiwiYXVkIjoiaHR0cHM6XC9cL29maWNpbmFqdWRpY2lhbHZpcnR1YWwucGp1ZC5jbCIsImlhdCI6MTY1MDk3MTUxOSwiZXhwIjoxNjUwOTc1MTE5LCJkYXRhIjp7ImNycl9kb2MiOiIyNTY4NzgxNiIsImNvZF9jb3J0ZSI6IjkwIiwiY3JySWREb2NFc2MiOiIyODk1NTkyNSIsImNvZF90aXBhcmNoaXZvIjoiMyIsInRyYW1pdGUiOjB9fQ.KNgYwOiYhBR9nvkif9aGJeUTjWZdXHPTEd4mPH7StXU,Actuación,Cert. calidad abogado,17/12/2019,Cuenta Protección,Bloqueado
2,https://oficinajudicialvirtual.pjud.cl/ADIR_871/apelaciones/documentos/docCausaApelaciones.php?valorDoc=eyJ0eXAiOiJKV1QiLCJhbGciOiJIUzI1NiJ9.eyJpc3MiOiJodHRwczpcL1wvb2ZpY2luYWp1ZGljaWFsdmlydHVhbC5wanVkLmNsIiwiYXVkIjoiaHR0cHM6XC9cL29maWNpbmFqdWRpY2lhbHZpcnR1YWwucGp1ZC5jbCIsImlhdCI6MTY1MDk3MTUxOSwiZXhwIjoxNjUwOTc1MTE5LCJkYXRhIjp7ImNycl9kb2MiOiIyNTY4NzgxNSIsImNvZF9jb3J0ZSI6IjkwIiwiY3JySWREb2NFc2MiOiIyODk1NTkyNCIsImNvZF90aXBhcmNoaXZvIjoiMyIsInRyYW1pdGUiOjB9fQ.J5J35oNcUBcEp96nx0qCdnjxmgQkcLCrb9j8bx9cOvc,Resolución,Inicio tramitación,17/12/2019,Cuenta Protección,Bloqueado
1,https://oficinajudicialvirtual.pjud.cl/ADIR_871/apelaciones/documentos/docCausaApelaciones.php?valorDoc=eyJ0eXAiOiJKV1QiLCJhbGciOiJIUzI1NiJ9.eyJpc3MiOiJodHRwczpcL1wvb2ZpY2luYWp1ZGljaWFsdmlydHVhbC5wanVkLmNsIiwiYXVkIjoiaHR0cHM6XC9cL29maWNpbmFqdWRpY2lhbHZpcnR1YWwucGp1ZC5jbCIsImlhdCI6MTY1MDk3MTUxOSwiZXhwIjoxNjUwOTc1MTE5LCJkYXRhIjp7ImNycl9kb2MiOiI3OTgyMjU0IiwiY29kX2NvcnRlIjoiOTAiLCJjcnJJZERvY0VzYyI6IjExODU2NDQxIiwiY29kX3RpcGFyY2hpdm8iOiIzIiwidHJhbWl0ZSI6MX19.ltVC5vADvdR6dY2tMYfcZnp61YESlfQuktysIi3lvFQ,Escrito,*Ingreso Recurso,17/12/2019,...,Resuelto
20,https://oficinajudicialvirtual.pjud.cl/ADIR_871/apelaciones/documentos/docCausaApelaciones.php?valorDoc=eyJ0eXAiOiJKV1QiLCJhbGciOiJIUzI1NiJ9.eyJpc3MiOiJodHRwczpcL1wvb2ZpY2luYWp1ZGljaWFsdmlydHVhbC5wanVkLmNsIiwiYXVkIjoiaHR0cHM6XC9cL29maWNpbmFqdWRpY2lhbHZpcnR1YWwucGp1ZC5jbCIsImlhdCI6MTY1MDk3MTUzMSwiZXhwIjoxNjUwOTc1MTMxLCJkYXRhIjp7ImNycl9kb2MiOiIzMzAxNDY0OCIsImNvZF9jb3J0ZSI6IjMwIiwiY3JySWREb2NFc2MiOiIzNjY5Njk0MSIsImNvZF90aXBhcmNoaXZvIjoiMyIsInRyYW1pdGUiOjB9fQ.2dr0uzqBXGgJ3B3hR0ixnSqlLk0VN6uGqUxtgHyXV6Q,Actuación,COMUNICA APER. INF. Y OTROS,27/05/2021,Cuenta,Bloqueado
19,https://oficinajudicialvirtual.pjud.cl/ADIR_871/apelaciones/documentos/docCausaApelaciones.php?valorDoc=eyJ0eXAiOiJKV1QiLCJhbGciOiJIUzI1NiJ9.eyJpc3MiOiJodHRwczpcL1wvb2ZpY2luYWp1ZGljaWFsdmlydHVhbC5wanVkLmNsIiwiYXVkIjoiaHR0cHM6XC9cL29maWNpbmFqdWRpY2lhbHZpcnR1YWwucGp1ZC5jbCIsImlhdCI6MTY1MDk3MTUzMSwiZXhwIjoxNjUwOTc1MTMxLCJkYXRhIjp7ImNycl9kb2MiOiIzMjk2NDczOCIsImNvZF9jb3J0ZSI6IjMwIiwiY3JySWREb2NFc2MiOiIzNjY0NDU0MSIsImNvZF90aXBhcmNoaXZvIjoiMyIsInRyYW1pdGUiOjB9fQ.hDLcudtQYAvG73KTHpqxddbBHXiVEe9NqqmC6TXdYAs,Resolución,Emisión de un nuevo vale vista,27/05/2021,Cuenta,Bloqueado
18,https://oficinajudicialvirtual.pjud.cl/ADIR_871/apelaciones/documentos/docCausaApelaciones.php?valorDoc=eyJ0eXAiOiJKV1QiLCJhbGciOiJIUzI1NiJ9.eyJpc3MiOiJodHRwczpcL1wvb2ZpY2luYWp1ZGljaWFsdmlydHVhbC5wanVkLmNsIiwiYXVkIjoiaHR0cHM6XC9cL29maWNpbmFqdWRpY2lhbHZpcnR1YWwucGp1ZC5jbCIsImlhdCI6MTY1MDk3MTUzMSwiZXhwIjoxNjUwOTc1MTMxLCJkYXRhIjp7ImNycl9kb2MiOiIxMDUwNDUxNiIsImNvZF9jb3J0ZSI6IjMwIiwiY3JySWREb2NFc2MiOiIxNDM4MjQ0NSIsImNvZF90aXBhcmNoaXZvIjoiMyIsInRyYW1pdGUiOjF9fQ.Lv6PNvpkZbDd6E28LvcbK9DRhmMZFk49gVTkS5WY5HQ,Escrito,Peticion que indica,04/05/2021,...,Resuelto
17,https://oficinajudicialvirtual.pjud.cl/ADIR_871/apelaciones/documentos/docCausaApelaciones.php?valorDoc=eyJ0eXAiOiJKV1QiLCJhbGciOiJIUzI1NiJ9.eyJpc3MiOiJodHRwczpcL1wvb2ZpY2luYWp1ZGljaWFsdmlydHVhbC5wanVkLmNsIiwiYXVkIjoiaHR0cHM6XC9cL29maWNpbmFqdWRpY2lhbHZpcnR1YWwucGp1ZC5jbCIsImlhdCI6MTY1MDk3MTUzMSwiZXhwIjoxNjUwOTc1MTMxLCJkYXRhIjp7ImNycl9kb2MiOiIzMTY4NDk1OSIsImNvZF9jb3J0ZSI6IjMwIiwiY3JySWREb2NFc2MiOiIzNTI1MzY3MyIsImNvZF90aXBhcmNoaXZvIjoiMyIsInRyYW1pdGUiOjB9fQ.xRFYsVCRSOH8W96rWyBiHT4eQ5Wawt8xP3qqIp1PN-Y,Actuación,Vale vista emitido,30/01/2021,Relatores,Bloqueado
16,https://oficinajudicialvirtual.pjud.cl/ADIR_871/apelaciones/documentos/docCausaApelaciones.php?valorDoc=eyJ0eXAiOiJKV1QiLCJhbGciOiJIUzI1NiJ9.eyJpc3MiOiJodHRwczpcL1wvb2ZpY2luYWp1ZGljaWFsdmlydHVhbC5wanVkLmNsIiwiYXVkIjoiaHR0cHM6XC9cL29maWNpbmFqdWRpY2lhbHZpcnR1YWwucGp1ZC5jbCIsImlhdCI6MTY1MDk3MTUzMSwiZXhwIjoxNjUwOTc1MTMxLCJkYXRhIjp7ImNycl9kb2MiOiIzMTM4Mjg1NSIsImNvZF9jb3J0ZSI6IjMwIiwiY3JySWREb2NFc2MiOiIzNDkyMDM5NCIsImNvZF90aXBhcmNoaXZvIjoiMyIsInRyYW1pdGUiOjB9fQ.mOHQemzKaWMgpvMSX6jA9BryaRMVrerLcwM0m6XfAoI,Actuación,COMUNICA CÚMPLASE CS,30/12/2020,Cuenta,Bloqueado
15,https://oficinajudicialvirtual.pjud.cl/ADIR_871/apelaciones/documentos/docCausaApelaciones.php?valorDoc=eyJ0eXAiOiJKV1QiLCJhbGciOiJIUzI1NiJ9.eyJpc3MiOiJodHRwczpcL1wvb2ZpY2luYWp1ZGljaWFsdmlydHVhbC5wanVkLmNsIiwiYXVkIjoiaHR0cHM6XC9cL29maWNpbmFqdWRpY2lhbHZpcnR1YWwucGp1ZC5jbCIsImlhdCI6MTY1MDk3MTUzMSwiZXhwIjoxNjUwOTc1MTMxLCJkYXRhIjp7ImNycl9kb2MiOiIzMTM0NTkyMyIsImNvZF9jb3J0ZSI6IjMwIiwiY3JySWREb2NFc2MiOiIzNDg4MDI5MiIsImNvZF90aXBhcmNoaXZvIjoiMyIsInRyYW1pdGUiOjB9fQ.mEW2ZnMHINqL7jfuTxxre9E_KymeLlOr4iTmVMt80CI,Resolución,Cúmplase CS,30/12/2020,Cuenta,Bloqueado
14,https://oficinajudicialvirtual.pjud.cl/ADIR_871/apelaciones/documentos/docCausaApelaciones.php?valorDoc=eyJ0eXAiOiJKV1QiLCJhbGciOiJIUzI1NiJ9.eyJpc3MiOiJodHRwczpcL1wvb2ZpY2luYWp1ZGljaWFsdmlydHVhbC5wanVkLmNsIiwiYXVkIjoiaHR0cHM6XC9cL29maWNpbmFqdWRpY2lhbHZpcnR1YWwucGp1ZC5jbCIsImlhdCI6MTY1MDk3MTUzMSwiZXhwIjoxNjUwOTc1MTMxLCJkYXRhIjp7ImNycl9kb2MiOiI5OTcyMjA4IiwiY29kX2NvcnRlIjoiMzAiLCJjcnJJZERvY0VzYyI6IjEzODU1MTM1IiwiY29kX3RpcGFyY2hpdm8iOiIzIiwidHJhbWl0ZSI6MX19.q8RMzL0kH1rhqgpWyMcArTynYXQOS2eCt5vfKV8EzDE,Escrito,Recurso fallado Corte Suprema,28/12/2020,...,Resuelto
13,https://oficinajudicialvirtual.pjud.cl/None?valorDoc=None,Actuación,Remisión C.S.,10/09/2020,Secretaria,Bloqueado
12,https://oficinajudicialvirtual.pjud.cl/ADIR_871/apelaciones/documentos/docCausaApelaciones.php?valorDoc=eyJ0eXAiOiJKV1QiLCJhbGciOiJIUzI1NiJ9.eyJpc3MiOiJodHRwczpcL1wvb2ZpY2luYWp1ZGljaWFsdmlydHVhbC5wanVkLmNsIiwiYXVkIjoiaHR0cHM6XC9cL29maWNpbmFqdWRpY2lhbHZpcnR1YWwucGp1ZC5jbCIsImlhdCI6MTY1MDk3MTUzMSwiZXhwIjoxNjUwOTc1MTMxLCJkYXRhIjp7ImNycl9kb2MiOiIyOTQ3Mzc3OCIsImNvZF9jb3J0ZSI6IjMwIiwiY3JySWREb2NFc2MiOiIzMjkwNzc3NCIsImNvZF90aXBhcmNoaXZvIjoiMyIsInRyYW1pdGUiOjB9fQ.k1jdVAa6hJYclab6sGSIUCNEripXQFYUZu7-Axk8Etg,Resolución,Concede Recurso (Interconexión,25/08/2020,Cuenta,Bloqueado
11,https://oficinajudicialvirtual.pjud.cl/ADIR_871/apelaciones/documentos/docCausaApelaciones.php?valorDoc=eyJ0eXAiOiJKV1QiLCJhbGciOiJIUzI1NiJ9.eyJpc3MiOiJodHRwczpcL1wvb2ZpY2luYWp1ZGljaWFsdmlydHVhbC5wanVkLmNsIiwiYXVkIjoiaHR0cHM6XC9cL29maWNpbmFqdWRpY2lhbHZpcnR1YWwucGp1ZC5jbCIsImlhdCI6MTY1MDk3MTUzMSwiZXhwIjoxNjUwOTc1MTMxLCJkYXRhIjp7ImNycl9kb2MiOiI5MjY0NDgyIiwiY29kX2NvcnRlIjoiMzAiLCJjcnJJZERvY0VzYyI6IjEzMTQ4MTA4IiwiY29kX3RpcGFyY2hpdm8iOiIzIiwidHJhbWl0ZSI6MX19.jHolEG0IWbpPPevWkrKu6xViEQJRvoASj9tlUdYHSbk,Escrito,Recurso vista c.s.,18/08/2020,...,Resuelto
10,https://oficinajudicialvirtual.pjud.cl/ADIR_871/apelaciones/documentos/docCausaApelaciones.php?valorDoc=eyJ0eXAiOiJKV1QiLCJhbGciOiJIUzI1NiJ9.eyJpc3MiOiJodHRwczpcL1wvb2ZpY2luYWp1ZGljaWFsdmlydHVhbC5wanVkLmNsIiwiYXVkIjoiaHR0cHM6XC9cL29maWNpbmFqdWRpY2lhbHZpcnR1YWwucGp1ZC5jbCIsImlhdCI6MTY1MDk3MTUzMSwiZXhwIjoxNjUwOTc1MTMxLCJkYXRhIjp7ImNycl9kb2MiOiIyOTQyODEwNyIsImNvZF9jb3J0ZSI6IjMwIiwiY3JySWREb2NFc2MiOiIzMjg2NDU2MyIsImNvZF90aXBhcmNoaXZvIjoiMyIsInRyYW1pdGUiOjB9fQ.EyuEu5Cvf2ph5pveWQJAw21Y9Ol1-nf4PhGpBibNoJs,Actuación,COMUNICA ACOGIDA,17/08/2020,Primera,Bloqueado
9,https://oficinajudicialvirtual.pjud.cl/ADIR_871/apelaciones/documentos/docCausaApelaciones.php?valorDoc=eyJ0eXAiOiJKV1QiLCJhbGciOiJIUzI1NiJ9.eyJpc3MiOiJodHRwczpcL1wvb2ZpY2luYWp1ZGljaWFsdmlydHVhbC5wanVkLmNsIiwiYXVkIjoiaHR0cHM6XC9cL29maWNpbmFqdWRpY2lhbHZpcnR1YWwucGp1ZC5jbCIsImlhdCI6MTY1MDk3MTUzMSwiZXhwIjoxNjUwOTc1MTMxLCJkYXRhIjp7ImNycl9kb2MiOiIyOTM3NjY5NyIsImNvZF9jb3J0ZSI6IjMwIiwiY3JySWREb2NFc2MiOiIzMjgxNDYxOCIsImNvZF90aXBhcmNoaXZvIjoiMyIsInRyYW1pdGUiOjB9fQ.fCOC28_OECkZth9hnkKChdbrJh6c1PICJSX8JupOVic,Sentencia,Acogida,17/08/2020,Primera,Bloqueado
8,https://oficinajudicialvirtual.pjud.cl/ADIR_871/apelaciones/documentos/docCausaApelaciones.php?valorDoc=eyJ0eXAiOiJKV1QiLCJhbGciOiJIUzI1NiJ9.eyJpc3MiOiJodHRwczpcL1wvb2ZpY2luYWp1ZGljaWFsdmlydHVhbC5wanVkLmNsIiwiYXVkIjoiaHR0cHM6XC9cL29maWNpbmFqdWRpY2lhbHZpcnR1YWwucGp1ZC5jbCIsImlhdCI6MTY1MDk3MTUzMSwiZXhwIjoxNjUwOTc1MTMxLCJkYXRhIjp7ImNycl9kb2MiOiIyOTI2MDYxMSIsImNvZF9jb3J0ZSI6IjMwIiwiY3JySWREb2NFc2MiOiIzMjY5MjA3NCIsImNvZF90aXBhcmNoaXZvIjoiMyIsInRyYW1pdGUiOjB9fQ.ZsYYSw8KYyIqxM2DgxlymxLDOVE5kMXqUv842E-UH5I,Resolución,Agréguese Extraordinariamente,10/08/2020,Presidencia,Bloqueado
7,https://oficinajudicialvirtual.pjud.cl/ADIR_871/apelaciones/documentos/docCausaApelaciones.php?valorDoc=eyJ0eXAiOiJKV1QiLCJhbGciOiJIUzI1NiJ9.eyJpc3MiOiJodHRwczpcL1wvb2ZpY2luYWp1ZGljaWFsdmlydHVhbC5wanVkLmNsIiwiYXVkIjoiaHR0cHM6XC9cL29maWNpbmFqdWRpY2lhbHZpcnR1YWwucGp1ZC5jbCIsImlhdCI6MTY1MDk3MTUzMSwiZXhwIjoxNjUwOTc1MTMxLCJkYXRhIjp7ImNycl9kb2MiOiIyOTE1MzU4MiIsImNvZF9jb3J0ZSI6IjMwIiwiY3JySWREb2NFc2MiOiIzMjU3MzU3NyIsImNvZF90aXBhcmNoaXZvIjoiMyIsInRyYW1pdGUiOjB9fQ.ULjyX2oo5vm_5OcfqlpRANobS-fDLD-awMSMozkgSHM,Resolución,"Por Evacuado Informe, en relac",06/08/2020,Cuenta,Bloqueado
6,https://oficinajudicialvirtual.pjud.cl/ADIR_871/apelaciones/documentos/docCausaApelaciones.php?valorDoc=eyJ0eXAiOiJKV1QiLCJhbGciOiJIUzI1NiJ9.eyJpc3MiOiJodHRwczpcL1wvb2ZpY2luYWp1ZGljaWFsdmlydHVhbC5wanVkLmNsIiwiYXVkIjoiaHR0cHM6XC9cL29maWNpbmFqdWRpY2lhbHZpcnR1YWwucGp1ZC5jbCIsImlhdCI6MTY1MDk3MTUzMSwiZXhwIjoxNjUwOTc1MTMxLCJkYXRhIjp7ImNycl9kb2MiOiI5MTc5Mjk4IiwiY29kX2NvcnRlIjoiMzAiLCJjcnJJZERvY0VzYyI6IjEzMDYzNTU5IiwiY29kX3RpcGFyY2hpdm8iOiIzIiwidHJhbWl0ZSI6MX19.mB1vRaYRjRvKsJbYtI5Y_nyxD7ztIq7LUp2IXmYeUbE,Escrito,Se evacua informe,04/08/2020,...,Resuelto
5,https://oficinajudicialvirtual.pjud.cl/ADIR_871/apelaciones/documentos/docCausaApelaciones.php?valorDoc=eyJ0eXAiOiJKV1QiLCJhbGciOiJIUzI1NiJ9.eyJpc3MiOiJodHRwczpcL1wvb2ZpY2luYWp1ZGljaWFsdmlydHVhbC5wanVkLmNsIiwiYXVkIjoiaHR0cHM6XC9cL29maWNpbmFqdWRpY2lhbHZpcnR1YWwucGp1ZC5jbCIsImlhdCI6MTY1MDk3MTUzMSwiZXhwIjoxNjUwOTc1MTMxLCJkYXRhIjp7ImNycl9kb2MiOiIyODU4MTkxMSIsImNvZF9jb3J0ZSI6IjMwIiwiY3JySWREb2NFc2MiOiIzMTk3NTU2NyIsImNvZF90aXBhcmNoaXZvIjoiMyIsInRyYW1pdGUiOjB9fQ.SPpB6cXBXz8AXHbZJNOQfxi3ujjHCHla7KpF9wOnbjY,Actuación,COMUNICACIÓN ISAPRE,03/07/2020,Cuenta,Bloqueado
4,https://oficinajudicialvirtual.pjud.cl/ADIR_871/apelaciones/documentos/docCausaApelaciones.php?valorDoc=eyJ0eXAiOiJKV1QiLCJhbGciOiJIUzI1NiJ9.eyJpc3MiOiJodHRwczpcL1wvb2ZpY2luYWp1ZGljaWFsdmlydHVhbC5wanVkLmNsIiwiYXVkIjoiaHR0cHM6XC9cL29maWNpbmFqdWRpY2lhbHZpcnR1YWwucGp1ZC5jbCIsImlhdCI6MTY1MDk3MTUzMSwiZXhwIjoxNjUwOTc1MTMxLCJkYXRhIjp7ImNycl9kb2MiOiIyODM5OTE1NiIsImNvZF9jb3J0ZSI6IjMwIiwiY3JySWREb2NFc2MiOiIzMTc4MTI0MiIsImNvZF90aXBhcmNoaXZvIjoiMyIsInRyYW1pdGUiOjB9fQ.R5xi3gueWWnBE73ufQAgpeId5lECLKafL_sCWK6qMzE,Resolución,Interpuesto Recurso de Protecc,03/07/2020,Cuenta,Bloqueado
3,https://oficinajudicialvirtual.pjud.cl/ADIR_871/apelaciones/documentos/docCausaApelaciones.php?valorDoc=eyJ0eXAiOiJKV1QiLCJhbGciOiJIUzI1NiJ9.eyJpc3MiOiJodHRwczpcL1wvb2ZpY2luYWp1ZGljaWFsdmlydHVhbC5wanVkLmNsIiwiYXVkIjoiaHR0cHM6XC9cL29maWNpbmFqdWRpY2lhbHZpcnR1YWwucGp1ZC5jbCIsImlhdCI6MTY1MDk3MTUzMSwiZXhwIjoxNjUwOTc1MTMxLCJkYXRhIjp7ImNycl9kb2MiOiIyODI4ODU1MyIsImNvZF9jb3J0ZSI6IjMwIiwiY3JySWREb2NFc2MiOiIzMTY2NTU5NiIsImNvZF90aXBhcmNoaXZvIjoiMyIsInRyYW1pdGUiOjB9fQ.-2iooN9zJlCbWOzWU6oFAfZYe6VwBg36WJTMTJSzUZ4,Actuación,Cert. calidad abogado,17/06/2020,Cuenta,Bloqueado
2,https://oficinajudicialvirtual.pjud.cl/ADIR_871/apelaciones/documentos/docCausaApelaciones.php?valorDoc=eyJ0eXAiOiJKV1QiLCJhbGciOiJIUzI1NiJ9.eyJpc3MiOiJodHRwczpcL1wvb2ZpY2luYWp1ZGljaWFsdmlydHVhbC5wanVkLmNsIiwiYXVkIjoiaHR0cHM6XC9cL29maWNpbmFqdWRpY2lhbHZpcnR1YWwucGp1ZC5jbCIsImlhdCI6MTY1MDk3MTUzMSwiZXhwIjoxNjUwOTc1MTMxLCJkYXRhIjp7ImNycl9kb2MiOiIyODI4ODU1MiIsImNvZF9jb3J0ZSI6IjMwIiwiY3JySWREb2NFc2MiOiIzMTY2NTU5NSIsImNvZF90aXBhcmNoaXZvIjoiMyIsInRyYW1pdGUiOjB9fQ.A7CJXcUAhZVLIrpTKaR0BF5CJn45bjwBj8mHo1lHLNI,Resolución,Inicio tramitación,17/06/2020,Cuenta,Bloqueado
1,https://oficinajudicialvirtual.pjud.cl/ADIR_871/apelaciones/documentos/docCausaApelaciones.php?valorDoc=eyJ0eXAiOiJKV1QiLCJhbGciOiJIUzI1NiJ9.eyJpc3MiOiJodHRwczpcL1wvb2ZpY2luYWp1ZGljaWFsdmlydHVhbC5wanVkLmNsIiwiYXVkIjoiaHR0cHM6XC9cL29maWNpbmFqdWRpY2lhbHZpcnR1YWwucGp1ZC5jbCIsImlhdCI6MTY1MDk3MTUzMSwiZXhwIjoxNjUwOTc1MTMxLCJkYXRhIjp7ImNycl9kb2MiOiI4OTA4NjUyIiwiY29kX2NvcnRlIjoiMzAiLCJjcnJJZERvY0VzYyI6IjEyNzk0NDkwIiwiY29kX3RpcGFyY2hpdm8iOiIzIiwidHJhbWl0ZSI6MX19.00TcKg4Wv-F_Xh_mYyg9tF7WLJUI9Ji-1c8IbbvUu6M,Escrito,*Ingreso Recurso,17/06/2020,...,Resuelto
23,https://oficinajudicialvirtual.pjud.cl/ADIR_871/apelaciones/documentos/docCausaApelaciones.php?valorDoc=eyJ0eXAiOiJKV1QiLCJhbGciOiJIUzI1NiJ9.eyJpc3MiOiJodHRwczpcL1wvb2ZpY2luYWp1ZGljaWFsdmlydHVhbC5wanVkLmNsIiwiYXVkIjoiaHR0cHM6XC9cL29maWNpbmFqdWRpY2lhbHZpcnR1YWwucGp1ZC5jbCIsImlhdCI6MTY1MDk3MTUzOSwiZXhwIjoxNjUwOTc1MTM5LCJkYXRhIjp7ImNycl9kb2MiOiIzMzg0MDkyMSIsImNvZF9jb3J0ZSI6IjkxIiwiY3JySWREb2NFc2MiOiIzNzYwOTg2NyIsImNvZF90aXBhcmNoaXZvIjoiMyIsInRyYW1pdGUiOjB9fQ.tomVphyPg-_myBFcS9XeNrHuZqziWcEdvpnV2iZcqNE,Resolución,T.Presente pago-fondo/estese,12/08/2021,Cuenta Protección,Bloqueado
22,https://oficinajudicialvirtual.pjud.cl/ADIR_871/apelaciones/documentos/docCausaApelaciones.php?valorDoc=eyJ0eXAiOiJKV1QiLCJhbGciOiJIUzI1NiJ9.eyJpc3MiOiJodHRwczpcL1wvb2ZpY2luYWp1ZGljaWFsdmlydHVhbC5wanVkLmNsIiwiYXVkIjoiaHR0cHM6XC9cL29maWNpbmFqdWRpY2lhbHZpcnR1YWwucGp1ZC5jbCIsImlhdCI6MTY1MDk3MTUzOSwiZXhwIjoxNjUwOTc1MTM5LCJkYXRhIjp7ImNycl9kb2MiOiIxMDkwNzkxMSIsImNvZF9jb3J0ZSI6IjkxIiwiY3JySWREb2NFc2MiOiIxNDc4Mjc4MyIsImNvZF90aXBhcmNoaXZvIjoiMyIsInRyYW1pdGUiOjF9fQ.WlpyDYK3v8da-vIFfSvVWl4pySc8fGcjRgeGzF0yHR0,Escrito,Acompaña boleta consignacion,22/07/2021,...,Resuelto
21,https://oficinajudicialvirtual.pjud.cl/ADIR_871/apelaciones/documentos/docCausaApelaciones.php?valorDoc=eyJ0eXAiOiJKV1QiLCJhbGciOiJIUzI1NiJ9.eyJpc3MiOiJodHRwczpcL1wvb2ZpY2luYWp1ZGljaWFsdmlydHVhbC5wanVkLmNsIiwiYXVkIjoiaHR0cHM6XC9cL29maWNpbmFqdWRpY2lhbHZpcnR1YWwucGp1ZC5jbCIsImlhdCI6MTY1MDk3MTUzOSwiZXhwIjoxNjUwOTc1MTM5LCJkYXRhIjp7ImNycl9kb2MiOiIxMDgzMzMzNiIsImNvZF9jb3J0ZSI6IjkxIiwiY3JySWREb2NFc2MiOiIxNDcwODg2MCIsImNvZF90aXBhcmNoaXZvIjoiMyIsInRyYW1pdGUiOjF9fQ.SMo-xlEgIBqOPD8as0NsopBBa955ZAO2w8m-JAbKc1k,Escrito,En cumplimiento de lo ordenado,05/07/2021,...,Resuelto
20,https://oficinajudicialvirtual.pjud.cl/ADIR_871/apelaciones/documentos/docCausaApelaciones.php?valorDoc=eyJ0eXAiOiJKV1QiLCJhbGciOiJIUzI1NiJ9.eyJpc3MiOiJodHRwczpcL1wvb2ZpY2luYWp1ZGljaWFsdmlydHVhbC5wanVkLmNsIiwiYXVkIjoiaHR0cHM6XC9cL29maWNpbmFqdWRpY2lhbHZpcnR1YWwucGp1ZC5jbCIsImlhdCI6MTY1MDk3MTUzOSwiZXhwIjoxNjUwOTc1MTM5LCJkYXRhIjp7ImNycl9kb2MiOiIzMzQ0Mjc1OSIsImNvZF9jb3J0ZSI6IjkxIiwiY3JySWREb2NFc2MiOiIzNzE2NTQ2OCIsImNvZF90aXBhcmNoaXZvIjoiMyIsInRyYW1pdGUiOjB9fQ.QRFqkjgRTRhh7B_I8T7XbP7Spcgtbew2vQGqsEJmrPM,Actuación,COMUNICA TRÁMITE,01/07/2021,Cuenta Protección,Bloqueado
19,https://oficinajudicialvirtual.pjud.cl/ADIR_871/apelaciones/documentos/docCausaApelaciones.php?valorDoc=eyJ0eXAiOiJKV1QiLCJhbGciOiJIUzI1NiJ9.eyJpc3MiOiJodHRwczpcL1wvb2ZpY2luYWp1ZGljaWFsdmlydHVhbC5wanVkLmNsIiwiYXVkIjoiaHR0cHM6XC9cL29maWNpbmFqdWRpY2lhbHZpcnR1YWwucGp1ZC5jbCIsImlhdCI6MTY1MDk3MTUzOSwiZXhwIjoxNjUwOTc1MTM5LCJkYXRhIjp7ImNycl9kb2MiOiIzMzM5NjQ4NSIsImNvZF9jb3J0ZSI6IjkxIiwiY3JySWREb2NFc2MiOiIzNzExNDg2MSIsImNvZF90aXBhcmNoaXZvIjoiMyIsInRyYW1pdGUiOjB9fQ.UAayuGeuAQEvvjmSo3mP-P6hVkbv9D8diIRLBtajpVI,Resolución,Pide Informe/señ.cta,01/07/2021,Cuenta Protección,Bloqueado
18,https://oficinajudicialvirtual.pjud.cl/ADIR_871/apelaciones/documentos/docCausaApelaciones.php?valorDoc=eyJ0eXAiOiJKV1QiLCJhbGciOiJIUzI1NiJ9.eyJpc3MiOiJodHRwczpcL1wvb2ZpY2luYWp1ZGljaWFsdmlydHVhbC5wanVkLmNsIiwiYXVkIjoiaHR0cHM6XC9cL29maWNpbmFqdWRpY2lhbHZpcnR1YWwucGp1ZC5jbCIsImlhdCI6MTY1MDk3MTUzOSwiZXhwIjoxNjUwOTc1MTM5LCJkYXRhIjp7ImNycl9kb2MiOiIxMDY1MDgwNiIsImNvZF9jb3J0ZSI6IjkxIiwiY3JySWREb2NFc2MiOiIxNDUyNzYzMyIsImNvZF90aXBhcmNoaXZvIjoiMyIsInRyYW1pdGUiOjF9fQ.HaobK6_bv3QzCdZGdyQJOHPC12aI_6DPnDpReMJcD_I,Escrito,Apercibimiento,31/05/2021,...,Resuelto
17,https://oficinajudicialvirtual.pjud.cl/ADIR_871/apelaciones/documentos/docCausaApelaciones.php?valorDoc=eyJ0eXAiOiJKV1QiLCJhbGciOiJIUzI1NiJ9.eyJpc3MiOiJodHRwczpcL1wvb2ZpY2luYWp1ZGljaWFsdmlydHVhbC5wanVkLmNsIiwiYXVkIjoiaHR0cHM6XC9cL29maWNpbmFqdWRpY2lhbHZpcnR1YWwucGp1ZC5jbCIsImlhdCI6MTY1MDk3MTUzOSwiZXhwIjoxNjUwOTc1MTM5LCJkYXRhIjp7ImNycl9kb2MiOiIzMjM4NTI1MiIsImNvZF9jb3J0ZSI6IjkxIiwiY3JySWREb2NFc2MiOiIzNjAxNjc2MiIsImNvZF90aXBhcmNoaXZvIjoiMyIsInRyYW1pdGUiOjB9fQ.Bu6buqdPfBGr5XHYtEN-wO9i5A0GBN-zmKnLthCfGgA,Actuación,COMUNICA FIJA COSTAS,07/04/2021,Cuenta Protección,Bloqueado
16,https://oficinajudicialvirtual.pjud.cl/ADIR_871/apelaciones/documentos/docCausaApelaciones.php?valorDoc=eyJ0eXAiOiJKV1QiLCJhbGciOiJIUzI1NiJ9.eyJpc3MiOiJodHRwczpcL1wvb2ZpY2luYWp1ZGljaWFsdmlydHVhbC5wanVkLmNsIiwiYXVkIjoiaHR0cHM6XC9cL29maWNpbmFqdWRpY2lhbHZpcnR1YWwucGp1ZC5jbCIsImlhdCI6MTY1MDk3MTUzOSwiZXhwIjoxNjUwOTc1MTM5LCJkYXRhIjp7ImNycl9kb2MiOiIzMjM4NTIwOSIsImNvZF9jb3J0ZSI6IjkxIiwiY3JySWREb2NFc2MiOiIzNjAxNjcwMyIsImNvZF90aXBhcmNoaXZvIjoiMyIsInRyYW1pdGUiOjB9fQ.O6Q0PzInevco9Yxdxq04kzJDLUmso_PjvdqNaI7cnXA,Actuación,COMUNICA CÚMPLASE CS,07/04/2021,Cuenta Protección,Bloqueado
15,https://oficinajudicialvirtual.pjud.cl/ADIR_871/apelaciones/documentos/docCausaApelaciones.php?valorDoc=eyJ0eXAiOiJKV1QiLCJhbGciOiJIUzI1NiJ9.eyJpc3MiOiJodHRwczpcL1wvb2ZpY2luYWp1ZGljaWFsdmlydHVhbC5wanVkLmNsIiwiYXVkIjoiaHR0cHM6XC9cL29maWNpbmFqdWRpY2lhbHZpcnR1YWwucGp1ZC5jbCIsImlhdCI6MTY1MDk3MTUzOSwiZXhwIjoxNjUwOTc1MTM5LCJkYXRhIjp7ImNycl9kb2MiOiIzMjMyMTYyMCIsImNvZF9jb3J0ZSI6IjkxIiwiY3JySWREb2NFc2MiOiIzNTk0NjcxMCIsImNvZF90aXBhcmNoaXZvIjoiMyIsInRyYW1pdGUiOjB9fQ.xpBbkecN8LjdnsqxeXwtQ-KNaLUW9b6hRwP9q3PaCjY,Resolución,Cúmplase CS/Fija costas,05/04/2021,Cuenta Protección,Bloqueado
14,https://oficinajudicialvirtual.pjud.cl/ADIR_871/apelaciones/documentos/docCausaApelaciones.php?valorDoc=eyJ0eXAiOiJKV1QiLCJhbGciOiJIUzI1NiJ9.eyJpc3MiOiJodHRwczpcL1wvb2ZpY2luYWp1ZGljaWFsdmlydHVhbC5wanVkLmNsIiwiYXVkIjoiaHR0cHM6XC9cL29maWNpbmFqdWRpY2lhbHZpcnR1YWwucGp1ZC5jbCIsImlhdCI6MTY1MDk3MTUzOSwiZXhwIjoxNjUwOTc1MTM5LCJkYXRhIjp7ImNycl9kb2MiOiIxMDMyMzEwNCIsImNvZF9jb3J0ZSI6IjkxIiwiY3JySWREb2NFc2MiOiIxNDIwMjY3NiIsImNvZF90aXBhcmNoaXZvIjoiMyIsInRyYW1pdGUiOjF9fQ.JiAGQ7kn2FxkkL9pz6BT2TUbl6loEMdxzDc2KLhtSLU,Escrito,Recurso fallado Corte Suprema,26/03/2021,...,Resuelto
13,https://oficinajudicialvirtual.pjud.cl/ADIR_871/apelaciones/documentos/docCausaApelaciones.php?valorDoc=eyJ0eXAiOiJKV1QiLCJhbGciOiJIUzI1NiJ9.eyJpc3MiOiJodHRwczpcL1wvb2ZpY2luYWp1ZGljaWFsdmlydHVhbC5wanVkLmNsIiwiYXVkIjoiaHR0cHM6XC9cL29maWNpbmFqdWRpY2lhbHZpcnR1YWwucGp1ZC5jbCIsImlhdCI6MTY1MDk3MTUzOSwiZXhwIjoxNjUwOTc1MTM5LCJkYXRhIjp7ImNycl9kb2MiOiIzMTg2MTY0MiIsImNvZF9jb3J0ZSI6IjkxIiwiY3JySWREb2NFc2MiOiIzNTQ0NDI4NSIsImNvZF90aXBhcmNoaXZvIjoiMyIsInRyYW1pdGUiOjB9fQ.B3v3WzlMljvtDxnJOLYKy_Uzgf5oIFLYwvqRkHSR16A,Actuación,REMITE VIA INTERCONEXION,17/02/2021,Cuenta Protección,Bloqueado
12,https://oficinajudicialvirtual.pjud.cl/ADIR_871/apelaciones/documentos/docCausaApelaciones.php?valorDoc=eyJ0eXAiOiJKV1QiLCJhbGciOiJIUzI1NiJ9.eyJpc3MiOiJodHRwczpcL1wvb2ZpY2luYWp1ZGljaWFsdmlydHVhbC5wanVkLmNsIiwiYXVkIjoiaHR0cHM6XC9cL29maWNpbmFqdWRpY2lhbHZpcnR1YWwucGp1ZC5jbCIsImlhdCI6MTY1MDk3MTUzOSwiZXhwIjoxNjUwOTc1MTM5LCJkYXRhIjp7ImNycl9kb2MiOiIzMTgzMTY0OCIsImNvZF9jb3J0ZSI6IjkxIiwiY3JySWREb2NFc2MiOiIzNTQxMTU5MSIsImNvZF90aXBhcmNoaXZvIjoiMyIsInRyYW1pdGUiOjB9fQ.-qWU3AvpYeAQpMQV9WSxgpHbu_eljUUuxOOyQsCL13w,Resolución,Concede Recurso (Interconexión,16/02/2021,Cuenta Protección,Bloqueado
11,https://oficinajudicialvirtual.pjud.cl/ADIR_871/apelaciones/documentos/docCausaApelaciones.php?valorDoc=eyJ0eXAiOiJKV1QiLCJhbGciOiJIUzI1NiJ9.eyJpc3MiOiJodHRwczpcL1wvb2ZpY2luYWp1ZGljaWFsdmlydHVhbC5wanVkLmNsIiwiYXVkIjoiaHR0cHM6XC9cL29maWNpbmFqdWRpY2lhbHZpcnR1YWwucGp1ZC5jbCIsImlhdCI6MTY1MDk3MTUzOSwiZXhwIjoxNjUwOTc1MTM5LCJkYXRhIjp7ImNycl9kb2MiOiI5OTg0NzQzIiwiY29kX2NvcnRlIjoiOTEiLCJjcnJJZERvY0VzYyI6IjEzODY3NTQ1IiwiY29kX3RpcGFyY2hpdm8iOiIzIiwidHJhbWl0ZSI6MX19.i9Rf--5jfJZycspg2sYRLzHbgo832fLM3qLWLDWXczU,Escrito,Recurso vista c.s.,29/12/2020,...,Resuelto
10,https://oficinajudicialvirtual.pjud.cl/ADIR_871/apelaciones/documentos/docCausaApelaciones.php?valorDoc=eyJ0eXAiOiJKV1QiLCJhbGciOiJIUzI1NiJ9.eyJpc3MiOiJodHRwczpcL1wvb2ZpY2luYWp1ZGljaWFsdmlydHVhbC5wanVkLmNsIiwiYXVkIjoiaHR0cHM6XC9cL29maWNpbmFqdWRpY2lhbHZpcnR1YWwucGp1ZC5jbCIsImlhdCI6MTY1MDk3MTUzOSwiZXhwIjoxNjUwOTc1MTM5LCJkYXRhIjp7ImNycl9kb2MiOiIzMTMxMDUzNCIsImNvZF9jb3J0ZSI6IjkxIiwiY3JySWREb2NFc2MiOiIzNDg0MjA3MSIsImNvZF90aXBhcmNoaXZvIjoiMyIsInRyYW1pdGUiOjB9fQ.N1m64wLDGq6gLQzlYMhOmh9tabWyLFjzsiqVLTerVlY,Actuación,COMUNICA RECHAZADA,22/12/2020,Tercera,Bloqueado
9,https://oficinajudicialvirtual.pjud.cl/ADIR_871/apelaciones/documentos/docCausaApelaciones.php?valorDoc=eyJ0eXAiOiJKV1QiLCJhbGciOiJIUzI1NiJ9.eyJpc3MiOiJodHRwczpcL1wvb2ZpY2luYWp1ZGljaWFsdmlydHVhbC5wanVkLmNsIiwiYXVkIjoiaHR0cHM6XC9cL29maWNpbmFqdWRpY2lhbHZpcnR1YWwucGp1ZC5jbCIsImlhdCI6MTY1MDk3MTUzOSwiZXhwIjoxNjUwOTc1MTM5LCJkYXRhIjp7ImNycl9kb2MiOiIzMTI5MzcyMCIsImNvZF9jb3J0ZSI6IjkxIiwiY3JySWREb2NFc2MiOiIzNDgyNTAwMiIsImNvZF90aXBhcmNoaXZvIjoiMyIsInRyYW1pdGUiOjB9fQ.T4I7sha3tDceQYBTikERUKWcyFkrueKt6lo_5kobbjU,Sentencia,Rechazada,22/12/2020,Tercera,Bloqueado
8,https://oficinajudicialvirtual.pjud.cl/ADIR_871/apelaciones/documentos/docCausaApelaciones.php?valorDoc=eyJ0eXAiOiJKV1QiLCJhbGciOiJIUzI1NiJ9.eyJpc3MiOiJodHRwczpcL1wvb2ZpY2luYWp1ZGljaWFsdmlydHVhbC5wanVkLmNsIiwiYXVkIjoiaHR0cHM6XC9cL29maWNpbmFqdWRpY2lhbHZpcnR1YWwucGp1ZC5jbCIsImlhdCI6MTY1MDk3MTUzOSwiZXhwIjoxNjUwOTc1MTM5LCJkYXRhIjp7ImNycl9kb2MiOiIzMTI1MTI0MyIsImNvZF9jb3J0ZSI6IjkxIiwiY3JySWREb2NFc2MiOiIzNDc3ODc3NCIsImNvZF90aXBhcmNoaXZvIjoiMyIsInRyYW1pdGUiOjB9fQ.gm8i--OOtRJH4faw4Vuu3Oq3bBjaojQMeqhIBZaRtXc,Resolución,Agréguese Extraordinariamente,21/12/2020,Presidencia,Bloqueado
7,https://oficinajudicialvirtual.pjud.cl/ADIR_871/apelaciones/documentos/docCausaApelaciones.php?valorDoc=eyJ0eXAiOiJKV1QiLCJhbGciOiJIUzI1NiJ9.eyJpc3MiOiJodHRwczpcL1wvb2ZpY2luYWp1ZGljaWFsdmlydHVhbC5wanVkLmNsIiwiYXVkIjoiaHR0cHM6XC9cL29maWNpbmFqdWRpY2lhbHZpcnR1YWwucGp1ZC5jbCIsImlhdCI6MTY1MDk3MTUzOSwiZXhwIjoxNjUwOTc1MTM5LCJkYXRhIjp7ImNycl9kb2MiOiIyOTg3MzA4NSIsImNvZF9jb3J0ZSI6IjkxIiwiY3JySWREb2NFc2MiOiIzMzMyMDM2MiIsImNvZF90aXBhcmNoaXZvIjoiMyIsInRyYW1pdGUiOjB9fQ.U4ACtuY5aB3bTaDuOc7AyJ8biLiumL_-r1VBqLQXUug,Resolución,"Por Evacuado Informe, en relac",09/09/2020,Cuenta Protección,Bloqueado
6,https://oficinajudicialvirtual.pjud.cl/ADIR_871/apelaciones/documentos/docCausaApelaciones.php?valorDoc=eyJ0eXAiOiJKV1QiLCJhbGciOiJIUzI1NiJ9.eyJpc3MiOiJodHRwczpcL1wvb2ZpY2luYWp1ZGljaWFsdmlydHVhbC5wanVkLmNsIiwiYXVkIjoiaHR0cHM6XC9cL29maWNpbmFqdWRpY2lhbHZpcnR1YWwucGp1ZC5jbCIsImlhdCI6MTY1MDk3MTUzOSwiZXhwIjoxNjUwOTc1MTM5LCJkYXRhIjp7ImNycl9kb2MiOiI5MzEzNzczIiwiY29kX2NvcnRlIjoiOTEiLCJjcnJJZERvY0VzYyI6IjEzMTk4ODg2IiwiY29kX3RpcGFyY2hpdm8iOiIzIiwidHJhbWl0ZSI6MX19.idxrumxX01iALQFitknj-HfgCW-gfEG_72gzHVHgH5s,Escrito,Aceptacion de acciones,25/08/2020,...,Resuelto
5,https://oficinajudicialvirtual.pjud.cl/ADIR_871/apelaciones/documentos/docCausaApelaciones.php?valorDoc=eyJ0eXAiOiJKV1QiLCJhbGciOiJIUzI1NiJ9.eyJpc3MiOiJodHRwczpcL1wvb2ZpY2luYWp1ZGljaWFsdmlydHVhbC5wanVkLmNsIiwiYXVkIjoiaHR0cHM6XC9cL29maWNpbmFqdWRpY2lhbHZpcnR1YWwucGp1ZC5jbCIsImlhdCI6MTY1MDk3MTUzOSwiZXhwIjoxNjUwOTc1MTM5LCJkYXRhIjp7ImNycl9kb2MiOiIyOTMzNjQzNCIsImNvZF9jb3J0ZSI6IjkxIiwiY3JySWREb2NFc2MiOiIzMjc2NjI1MyIsImNvZF90aXBhcmNoaXZvIjoiMyIsInRyYW1pdGUiOjB9fQ.JPld53QnY-6Lupbjegd_9LlY2L5Si2qbhRs3x9bpmLw,Actuación,COMUNICACIÓN ISAPRE,12/08/2020,Cuenta Protección,Bloqueado
4,https://oficinajudicialvirtual.pjud.cl/ADIR_871/apelaciones/documentos/docCausaApelaciones.php?valorDoc=eyJ0eXAiOiJKV1QiLCJhbGciOiJIUzI1NiJ9.eyJpc3MiOiJodHRwczpcL1wvb2ZpY2luYWp1ZGljaWFsdmlydHVhbC5wanVkLmNsIiwiYXVkIjoiaHR0cHM6XC9cL29maWNpbmFqdWRpY2lhbHZpcnR1YWwucGp1ZC5jbCIsImlhdCI6MTY1MDk3MTUzOSwiZXhwIjoxNjUwOTc1MTM5LCJkYXRhIjp7ImNycl9kb2MiOiIyOTMwOTk0NCIsImNvZF9jb3J0ZSI6IjkxIiwiY3JySWREb2NFc2MiOiIzMjc0MDk3NiIsImNvZF90aXBhcmNoaXZvIjoiMyIsInRyYW1pdGUiOjB9fQ.El55EuDGBoApnwEaXvE4imWY3DIbER-XrCmNRZXjVP0,Resolución,Interpuesto Recurso de Protecc,12/08/2020,Cuenta Protección,Bloqueado
3,https://oficinajudicialvirtual.pjud.cl/ADIR_871/apelaciones/documentos/docCausaApelaciones.php?valorDoc=eyJ0eXAiOiJKV1QiLCJhbGciOiJIUzI1NiJ9.eyJpc3MiOiJodHRwczpcL1wvb2ZpY2luYWp1ZGljaWFsdmlydHVhbC5wanVkLmNsIiwiYXVkIjoiaHR0cHM6XC9cL29maWNpbmFqdWRpY2lhbHZpcnR1YWwucGp1ZC5jbCIsImlhdCI6MTY1MDk3MTUzOSwiZXhwIjoxNjUwOTc1MTM5LCJkYXRhIjp7ImNycl9kb2MiOiIyOTA0NjIwOCIsImNvZF9jb3J0ZSI6IjkxIiwiY3JySWREb2NFc2MiOiIzMjQ1OTc0MyIsImNvZF90aXBhcmNoaXZvIjoiMyIsInRyYW1pdGUiOjB9fQ.XwLqWARSe10OuWAQ2zBSyeRdLE-Jcg1qFx-oRm6FdFg,Actuación,Cert. calidad abogado,29/07/2020,Cuenta,Bloqueado
2,https://oficinajudicialvirtual.pjud.cl/ADIR_871/apelaciones/documentos/docCausaApelaciones.php?valorDoc=eyJ0eXAiOiJKV1QiLCJhbGciOiJIUzI1NiJ9.eyJpc3MiOiJodHRwczpcL1wvb2ZpY2luYWp1ZGljaWFsdmlydHVhbC5wanVkLmNsIiwiYXVkIjoiaHR0cHM6XC9cL29maWNpbmFqdWRpY2lhbHZpcnR1YWwucGp1ZC5jbCIsImlhdCI6MTY1MDk3MTUzOSwiZXhwIjoxNjUwOTc1MTM5LCJkYXRhIjp7ImNycl9kb2MiOiIyOTA0NjIwNyIsImNvZF9jb3J0ZSI6IjkxIiwiY3JySWREb2NFc2MiOiIzMjQ1OTc0MiIsImNvZF90aXBhcmNoaXZvIjoiMyIsInRyYW1pdGUiOjB9fQ.HCNJRK7Whjiiv7PrsqM2EAUPQz5ohwMZliSCjoyBKu0,Resolución,Inicio tramitación,29/07/2020,Cuenta,Bloqueado
1,https://oficinajudicialvirtual.pjud.cl/ADIR_871/apelaciones/documentos/docCausaApelaciones.php?valorDoc=eyJ0eXAiOiJKV1QiLCJhbGciOiJIUzI1NiJ9.eyJpc3MiOiJodHRwczpcL1wvb2ZpY2luYWp1ZGljaWFsdmlydHVhbC5wanVkLmNsIiwiYXVkIjoiaHR0cHM6XC9cL29maWNpbmFqdWRpY2lhbHZpcnR1YWwucGp1ZC5jbCIsImlhdCI6MTY1MDk3MTUzOSwiZXhwIjoxNjUwOTc1MTM5LCJkYXRhIjp7ImNycl9kb2MiOiI5MTQ4NDgwIiwiY29kX2NvcnRlIjoiOTEiLCJjcnJJZERvY0VzYyI6IjEzMDMyODg0IiwiY29kX3RpcGFyY2hpdm8iOiIzIiwidHJhbWl0ZSI6MX19.nFIBlTgUMISjQeoci84Sy5gpvVbcvCXnvB1mSbCGbhE,Escrito,*Ingreso Recurso,29/07/2020,...,Resuelto
